utc_timestamp,PL_load_actual_entsoe_transparency
2015-01-01,15098.416666666666
2015-01-02,17869.25
2015-01-03,17684.916666666668
2015-01-04,16453.666666666668
2015-01-05,18856.416666666668
2015-01-06,17076.625
2015-01-07,20985.75
2015-01-08,21304.75
2015-01-09,21083.416666666668
2015-01-10,18888.708333333332
2015-01-11,16938.958333333332
2015-01-12,20561.333333333332
2015-01-13,20731.083333333332
2015-01-14,20746.458333333332
2015-01-15,20752.458333333332
2015-01-16,20510.0
2015-01-17,18716.958333333332
2015-01-18,16915.625
2015-01-19,20414.666666666668
2015-01-20,20969.666666666668
2015-01-21,20980.833333333332
2015-01-22,21007.0
2015-01-23,21024.875
2015-01-24,19082.541666666668
2015-01-25,17228.208333333332
2015-01-26,20541.708333333332
2015-01-27,21086.916666666668
2015-01-28,21016.541666666668
2015-01-29,20829.0
2015-01-30,20788.916666666668
2015-01-31,18708.25
2015-02-01,16837.916666666668
2015-02-02,20226.666666666668
2015-02-03,20845.833333333332
2015-02-04,21017.166666666668
2015-02-05,21152.375
2015-02-06,21099.416666666668
2015-02-07,18962.625
2015-02-08,17111.458333333332
2015-02-09,20545.666666666668
2015-02-10,20771.291666666668
2015-02-11,20831.541666666668
2015-02-12,20551.125
2015-02-13,20392.916666666668
2015-02-14,18387.875
2015-02-15,16745.5
2015-02-16,20434.708333333332
2015-02-17,20775.125
2015-02-18,20737.708333333332
2015-02-19,20752.166666666668
2015-02-20,20291.875
2015-02-21,18311.333333333332
2015-02-22,16403.666666666668
2015-02-23,19682.5
2015-02-24,20246.833333333332
2015-02-25,20411.791666666668
2015-02-26,20396.25
2015-02-27,20177.625
2015-02-28,18182.833333333332
2015-03-01,16251.166666666666
2015-03-02,19577.166666666668
2015-03-03,20304.083333333332
2015-03-04,20365.958333333332
2015-03-05,20483.458333333332
2015-03-06,20409.875
2015-03-07,18164.166666666668
2015-03-08,15975.708333333334
2015-03-09,19255.583333333332
2015-03-10,19746.708333333332
2015-03-11,20118.666666666668
2015-03-12,20070.375
2015-03-13,20157.041666666668
2015-03-14,18231.791666666668
2015-03-15,16163.541666666666
2015-03-16,19159.958333333332
2015-03-17,19539.958333333332
2015-03-18,19484.208333333332
2015-03-19,19607.5
2015-03-20,19487.375
2015-03-21,17588.708333333332
2015-03-22,16096.041666666666
2015-03-23,19111.666666666668
2015-03-24,19555.208333333332
2015-03-25,19340.166666666668
2015-03-26,19457.958333333332
2015-03-27,19537.458333333332
2015-03-28,17766.5
2015-03-29,15883.041666666666
2015-03-30,19322.375
2015-03-31,19866.041666666668
2015-04-01,19887.375
2015-04-02,20214.5
2015-04-03,19383.375
2015-04-04,16185.0
2015-04-05,13573.083333333334
2015-04-06,13692.166666666666
2015-04-07,18514.291666666668
2015-04-08,19617.75
2015-04-09,19372.166666666668
2015-04-10,18961.5
2015-04-11,16901.125
2015-04-12,15151.708333333334
2015-04-13,18521.375
2015-04-14,19056.083333333332
2015-04-15,19031.541666666668
2015-04-16,18890.625
2015-04-17,18989.375
2015-04-18,17282.625
2015-04-19,15469.541666666666
2015-04-20,18585.041666666668
2015-04-21,18906.041666666668
2015-04-22,18769.833333333332
2015-04-23,18730.875
2015-04-24,18682.041666666668
2015-04-25,16691.375
2015-04-26,14977.666666666666
2015-04-27,18214.875
2015-04-28,18793.208333333332
2015-04-29,18767.833333333332
2015-04-30,18227.375
2015-05-01,15093.5
2015-05-02,14940.666666666666
2015-05-03,13773.708333333334
2015-05-04,17885.833333333332
2015-05-05,18637.5
2015-05-06,18905.791666666668
2015-05-07,18511.125
2015-05-08,18353.125
2015-05-09,16481.333333333332
2015-05-10,14752.708333333334
2015-05-11,17897.5
2015-05-12,18324.875
2015-05-13,18370.75
2015-05-14,18468.75
2015-05-15,18400.541666666668
2015-05-16,16346.916666666666
2015-05-17,14605.5
2015-05-18,17819.708333333332
2015-05-19,18442.916666666668
2015-05-20,18644.75
2015-05-21,18681.0
2015-05-22,18586.0
2015-05-23,16559.416666666668
2015-05-24,14420.25
2015-05-25,18055.125
2015-05-26,18555.583333333332
2015-05-27,18654.625
2015-05-28,18515.083333333332
2015-05-29,18389.75
2015-05-30,16369.125
2015-05-31,14476.833333333334
2015-06-01,17858.25
2015-06-02,18446.333333333332
2015-06-03,18459.083333333332
2015-06-04,14179.291666666666
2015-06-05,16239.833333333334
2015-06-06,15735.5
2015-06-07,14566.166666666666
2015-06-08,17784.125
2015-06-09,18273.958333333332
2015-06-10,18456.041666666668
2015-06-11,18499.958333333332
2015-06-12,18631.541666666668
2015-06-13,16854.583333333332
2015-06-14,14811.208333333334
2015-06-15,17895.791666666668
2015-06-16,18197.875
2015-06-17,18259.166666666668
2015-06-18,18438.125
2015-06-19,18424.333333333332
2015-06-20,16387.333333333332
2015-06-21,14593.333333333334
2015-06-22,17836.0
2015-06-23,18527.125
2015-06-24,18463.208333333332
2015-06-25,18416.583333333332
2015-06-26,18353.5
2015-06-27,16575.041666666668
2015-06-28,14770.333333333334
2015-06-29,17890.208333333332
2015-06-30,18466.416666666668
2015-07-01,18615.75
2015-07-02,18818.833333333332
2015-07-03,18890.125
2015-07-04,16906.375
2015-07-05,15391.625
2015-07-06,18654.208333333332
2015-07-07,19041.916666666668
2015-07-08,18672.333333333332
2015-07-09,18290.25
2015-07-10,17926.75
2015-07-11,16164.291666666666
2015-07-12,14753.625
2015-07-13,17856.458333333332
2015-07-14,18335.958333333332
2015-07-15,18421.625
2015-07-16,18555.75
2015-07-17,18716.125
2015-07-18,16827.458333333332
2015-07-19,14911.041666666666
2015-07-20,17725.916666666668
2015-07-21,18525.875
2015-07-22,19015.708333333332
2015-07-23,19075.083333333332
2015-07-24,18829.5
2015-07-25,16876.916666666668
2015-07-26,14763.958333333334
2015-07-27,17486.875
2015-07-28,18046.0
2015-07-29,18086.958333333332
2015-07-30,18037.375
2015-07-31,17793.041666666668
2015-08-01,15993.75
2015-08-02,14675.333333333334
2015-08-03,17897.041666666668
2015-08-04,18621.5
2015-08-05,18862.958333333332
2015-08-06,18971.583333333332
2015-08-07,19030.291666666668
2015-08-08,17254.0
2015-08-09,15582.958333333334
2015-08-10,17473.125
2015-08-11,18068.916666666668
2015-08-12,18754.25
2015-08-13,18765.75
2015-08-14,18112.875
2015-08-15,14865.208333333334
2015-08-16,14653.208333333334
2015-08-17,17862.25
2015-08-18,18362.041666666668
2015-08-19,18303.416666666668
2015-08-20,18202.125
2015-08-21,18245.833333333332
2015-08-22,16456.041666666668
2015-08-23,14850.916666666666
2015-08-24,18132.833333333332
2015-08-25,18615.916666666668
2015-08-26,18595.625
2015-08-27,18785.875
2015-08-28,18933.083333333332
2015-08-29,16764.375
2015-08-30,15183.416666666666
2015-08-31,18845.291666666668
2015-09-01,19414.291666666668
2015-09-02,18913.916666666668
2015-09-03,18680.375
2015-09-04,18665.958333333332
2015-09-05,16497.333333333332
2015-09-06,14720.875
2015-09-07,17878.625
2015-09-08,18385.791666666668
2015-09-09,18582.208333333332
2015-09-10,18440.375
2015-09-11,18459.166666666668
2015-09-12,16678.541666666668
2015-09-13,14729.083333333334
2015-09-14,18154.75
2015-09-15,19043.208333333332
2015-09-16,19223.5
2015-09-17,19404.791666666668
2015-09-18,18975.75
2015-09-19,17096.5
2015-09-20,15249.541666666666
2015-09-21,18370.875
2015-09-22,18764.541666666668
2015-09-23,19142.666666666668
2015-09-24,19098.708333333332
2015-09-25,19058.958333333332
2015-09-26,17144.875
2015-09-27,15228.208333333334
2015-09-28,18460.083333333332
2015-09-29,19093.5
2015-09-30,19226.291666666668
2015-10-01,19107.25
2015-10-02,19135.833333333332
2015-10-03,17170.0
2015-10-04,15347.708333333334
2015-10-05,18586.791666666668
2015-10-06,19087.583333333332
2015-10-07,19091.416666666668
2015-10-08,19181.166666666668
2015-10-09,19377.458333333332
2015-10-10,17482.5
2015-10-11,15769.791666666666
2015-10-12,19499.166666666668
2015-10-13,20336.666666666668
2015-10-14,20237.166666666668
2015-10-15,19996.375
2015-10-16,19965.375
2015-10-17,18077.166666666668
2015-10-18,16216.333333333334
2015-10-19,19661.5
2015-10-20,20326.375
2015-10-21,20370.75
2015-10-22,20281.375
2015-10-23,20035.25
2015-10-24,18077.708333333332
2015-10-25,16285.208333333334
2015-10-26,19602.416666666668
2015-10-27,20229.125
2015-10-28,20146.458333333332
2015-10-29,20364.833333333332
2015-10-30,20185.0
2015-10-31,17618.541666666668
2015-11-01,14483.875
2015-11-02,18956.833333333332
2015-11-03,20264.875
2015-11-04,20448.791666666668
2015-11-05,20622.083333333332
2015-11-06,20609.541666666668
2015-11-07,18593.666666666668
2015-11-08,16244.166666666666
2015-11-09,19782.666666666668
2015-11-10,19913.541666666668
2015-11-11,16612.125
2015-11-12,19330.583333333332
2015-11-13,19936.583333333332
2015-11-14,18141.125
2015-11-15,16565.375
2015-11-16,19905.041666666668
2015-11-17,20292.375
2015-11-18,20136.375
2015-11-19,20187.125
2015-11-20,20318.458333333332
2015-11-21,18582.75
2015-11-22,16635.708333333332
2015-11-23,20346.583333333332
2015-11-24,20921.625
2015-11-25,21087.666666666668
2015-11-26,21279.5
2015-11-27,21211.25
2015-11-28,19189.625
2015-11-29,16979.583333333332
2015-11-30,20079.875
2015-12-01,20723.458333333332
2015-12-02,21106.958333333332
2015-12-03,20961.166666666668
2015-12-04,20316.458333333332
2015-12-05,18347.416666666668
2015-12-06,16516.666666666668
2015-12-07,20226.291666666668
2015-12-08,20804.375
2015-12-09,21095.333333333332
2015-12-10,20860.791666666668
2015-12-11,20831.25
2015-12-12,18859.375
2015-12-13,16910.25
2015-12-14,20647.0
2015-12-15,21320.166666666668
2015-12-16,21306.583333333332
2015-12-17,21036.0
2015-12-18,20496.166666666668
2015-12-19,18475.166666666668
2015-12-20,16520.666666666668
2015-12-21,19736.583333333332
2015-12-22,19810.625
2015-12-23,19503.458333333332
2015-12-24,15810.208333333334
2015-12-25,13446.5
2015-12-26,13428.208333333334
2015-12-27,14522.5
2015-12-28,17921.416666666668
2015-12-29,18645.208333333332
2015-12-30,18877.5
2015-12-31,17281.916666666668
2016-01-01,15060.541666666666
2016-01-02,17006.75
2016-01-03,17392.583333333332
2016-01-04,21035.041666666668
2016-01-05,21709.916666666668
2016-01-06,18351.166666666668
2016-01-07,21324.791666666668
2016-01-08,21455.25
2016-01-09,19368.083333333332
2016-01-10,17479.583333333332
2016-01-11,20882.375
2016-01-12,21299.125
2016-01-13,21230.875
2016-01-14,21297.333333333332
2016-01-15,21312.666666666668
2016-01-16,19390.625
2016-01-17,17899.583333333332
2016-01-18,21413.916666666668
2016-01-19,22063.166666666668
2016-01-20,22172.5
2016-01-21,21906.541666666668
2016-01-22,21924.041666666668
2016-01-23,20026.083333333332
2016-01-24,17767.291666666668
2016-01-25,20923.958333333332
2016-01-26,20940.541666666668
2016-01-27,20727.375
2016-01-28,20475.083333333332
2016-01-29,20436.583333333332
2016-01-30,18138.333333333332
2016-01-31,16326.625
2016-02-01,20065.666666666668
2016-02-02,20069.666666666668
2016-02-03,20180.875
2016-02-04,20411.208333333332
2016-02-05,20688.25
2016-02-06,18372.375
2016-02-07,16314.75
2016-02-08,19591.458333333332
2016-02-09,19979.166666666668
2016-02-10,20382.5
2016-02-11,20571.916666666668
2016-02-12,20497.75
2016-02-13,18665.958333333332
2016-02-14,16637.5
2016-02-15,20096.958333333332
2016-02-16,20675.958333333332
2016-02-17,20594.458333333332
2016-02-18,20684.166666666668
2016-02-19,20804.5
2016-02-20,18362.458333333332
2016-02-21,16438.791666666668
2016-02-22,19570.708333333332
2016-02-23,20360.791666666668
2016-02-24,20322.916666666668
2016-02-25,20516.208333333332
2016-02-26,20549.833333333332
2016-02-27,18508.0
2016-02-28,16524.208333333332
2016-02-29,19963.75
2016-03-01,20781.916666666668
2016-03-02,20615.0
2016-03-03,20509.208333333332
2016-03-04,20434.375
2016-03-05,18106.208333333332
2016-03-06,16238.916666666666
2016-03-07,19798.333333333332
2016-03-08,20276.333333333332
2016-03-09,20377.416666666668
2016-03-10,20344.0
2016-03-11,20438.833333333332
2016-03-12,18467.083333333332
2016-03-13,16475.541666666668
2016-03-14,19905.416666666668
2016-03-15,20687.333333333332
2016-03-16,20395.916666666668
2016-03-17,20164.958333333332
2016-03-18,20056.75
2016-03-19,18324.541666666668
2016-03-20,16522.416666666668
2016-03-21,19704.833333333332
2016-03-22,20377.5
2016-03-23,20462.625
2016-03-24,20329.083333333332
2016-03-25,19497.916666666668
2016-03-26,16317.083333333334
2016-03-27,13507.333333333334
2016-03-28,13546.958333333334
2016-03-29,18323.5
2016-03-30,19401.791666666668
2016-03-31,19344.083333333332
2016-04-01,19457.75
2016-04-02,17231.333333333332
2016-04-03,15349.625
2016-04-04,18507.0
2016-04-05,18863.333333333332
2016-04-06,18876.375
2016-04-07,18858.875
2016-04-08,19002.375
2016-04-09,17150.333333333332
2016-04-10,15509.375
2016-04-11,18852.75
2016-04-12,19315.708333333332
2016-04-13,19154.25
2016-04-14,19283.75
2016-04-15,18970.0
2016-04-16,16687.041666666668
2016-04-17,15074.125
2016-04-18,18440.375
2016-04-19,18960.416666666668
2016-04-20,18843.333333333332
2016-04-21,18905.375
2016-04-22,18842.375
2016-04-23,17111.333333333332
2016-04-24,15291.125
2016-04-25,18879.375
2016-04-26,19194.666666666668
2016-04-27,19546.125
2016-04-28,19269.916666666668
2016-04-29,19069.166666666668
2016-04-30,16620.0
2016-05-01,14188.416666666666
2016-05-02,15774.833333333334
2016-05-03,14403.25
2016-05-04,18034.208333333332
2016-05-05,18684.541666666668
2016-05-06,18540.916666666668
2016-05-07,16675.333333333332
2016-05-08,14824.125
2016-05-09,18072.708333333332
2016-05-10,18546.583333333332
2016-05-11,18685.333333333332
2016-05-12,18715.666666666668
2016-05-13,18581.875
2016-05-14,16644.625
2016-05-15,14220.708333333334
2016-05-16,17960.0
2016-05-17,18831.75
2016-05-18,18978.166666666668
2016-05-19,18812.666666666668
2016-05-20,18604.666666666668
2016-05-21,16721.125
2016-05-22,14823.208333333334
2016-05-23,18302.458333333332
2016-05-24,18783.5
2016-05-25,18664.833333333332
2016-05-26,14443.583333333334
2016-05-27,16641.166666666668
2016-05-28,16023.25
2016-05-29,14708.708333333334
2016-05-30,18336.208333333332
2016-05-31,18786.083333333332
2016-06-01,18842.208333333332
2016-06-02,18896.041666666668
2016-06-03,18720.083333333332
2016-06-04,16683.916666666668
2016-06-05,14727.333333333334
2016-06-06,17808.0
2016-06-07,18415.333333333332
2016-06-08,18597.666666666668
2016-06-09,18718.5
2016-06-10,18466.583333333332
2016-06-11,16489.333333333332
2016-06-12,14778.958333333334
2016-06-13,17982.125
2016-06-14,18689.333333333332
2016-06-15,18972.541666666668
2016-06-16,18926.833333333332
2016-06-17,18706.375
2016-06-18,16560.708333333332
2016-06-19,14997.083333333334
2016-06-20,18330.916666666668
2016-06-21,18703.208333333332
2016-06-22,19183.875
2016-06-23,19426.375
2016-06-24,19592.875
2016-06-25,17492.958333333332
2016-06-26,15434.666666666666
2016-06-27,18486.916666666668
2016-06-28,18965.5
2016-06-29,19181.5
2016-06-30,19501.708333333332
2016-07-01,19201.791666666668
2016-07-02,17186.25
2016-07-03,14856.416666666666
2016-07-04,17755.333333333332
2016-07-05,18499.0
2016-07-06,18056.916666666668
2016-07-07,18125.833333333332
2016-07-08,18413.291666666668
2016-07-09,16171.916666666666
2016-07-10,14760.041666666666
2016-07-11,18382.916666666668
2016-07-12,19125.791666666668
2016-07-13,18978.583333333332
2016-07-14,18374.666666666668
2016-07-15,18020.958333333332
2016-07-16,16309.458333333334
2016-07-17,14734.625
2016-07-18,17770.0
2016-07-19,18385.041666666668
2016-07-20,18388.708333333332
2016-07-21,18506.208333333332
2016-07-22,18555.083333333332
2016-07-23,16751.25
2016-07-24,15192.083333333334
2016-07-25,18506.666666666668
2016-07-26,19047.0
2016-07-27,19061.375
2016-07-28,18934.25
2016-07-29,18678.75
2016-07-30,16652.0
2016-07-31,15210.083333333334
2016-08-01,17683.583333333332
2016-08-02,18065.875
2016-08-03,18302.583333333332
2016-08-04,18791.416666666668
2016-08-05,18827.333333333332
2016-08-06,16393.25
2016-08-07,14512.833333333334
2016-08-08,17905.375
2016-08-09,18390.041666666668
2016-08-10,18293.083333333332
2016-08-11,18165.166666666668
2016-08-12,18058.541666666668
2016-08-13,16229.708333333334
2016-08-14,14514.25
2016-08-15,13871.041666666666
2016-08-16,17710.0
2016-08-17,18511.041666666668
2016-08-18,18626.708333333332
2016-08-19,18843.125
2016-08-20,16922.666666666668
2016-08-21,15292.25
2016-08-22,18418.666666666668
2016-08-23,18996.208333333332
2016-08-24,19252.208333333332
2016-08-25,19116.458333333332
2016-08-26,18992.625
2016-08-27,17140.333333333332
2016-08-28,15475.041666666666
2016-08-29,18831.125
2016-08-30,19013.708333333332
2016-08-31,19178.458333333332
2016-09-01,18994.583333333332
2016-09-02,19024.125
2016-09-03,16914.333333333332
2016-09-04,15203.791666666666
2016-09-05,18602.583333333332
2016-09-06,19073.583333333332
2016-09-07,19322.666666666668
2016-09-08,19523.125
2016-09-09,19505.583333333332
2016-09-10,17515.625
2016-09-11,15729.541666666666
2016-09-12,19127.666666666668
2016-09-13,19609.416666666668
2016-09-14,19374.375
2016-09-15,19200.375
2016-09-16,19140.333333333332
2016-09-17,16954.708333333332
2016-09-18,15068.375
2016-09-19,18408.875
2016-09-20,19060.375
2016-09-21,19122.5
2016-09-22,19154.208333333332
2016-09-23,19122.375
2016-09-24,17232.708333333332
2016-09-25,15434.125
2016-09-26,18757.333333333332
2016-09-27,19386.166666666668
2016-09-28,19367.0
2016-09-29,19270.583333333332
2016-09-30,19182.125
2016-10-01,17144.25
2016-10-02,15463.166666666666
2016-10-03,19135.458333333332
2016-10-04,19264.333333333332
2016-10-05,19885.708333333332
2016-10-06,20013.5
2016-10-07,19947.666666666668
2016-10-08,17843.583333333332
2016-10-09,15955.833333333334
2016-10-10,19641.791666666668
2016-10-11,20212.875
2016-10-12,20416.291666666668
2016-10-13,20408.333333333332
2016-10-14,19952.75
2016-10-15,17920.916666666668
2016-10-16,16367.625
2016-10-17,19787.0
2016-10-18,20331.541666666668
2016-10-19,20425.25
2016-10-20,20514.0
2016-10-21,20495.791666666668
2016-10-22,18427.25
2016-10-23,16345.625
2016-10-24,19913.666666666668
2016-10-25,20423.625
2016-10-26,20522.958333333332
2016-10-27,20532.708333333332
2016-10-28,20405.5
2016-10-29,18165.125
2016-10-30,16340.25
2016-10-31,18204.625
2016-11-01,14996.166666666666
2016-11-02,19434.708333333332
2016-11-03,20707.375
2016-11-04,20780.208333333332
2016-11-05,18868.833333333332
2016-11-06,16877.208333333332
2016-11-07,20504.625
2016-11-08,21164.208333333332
2016-11-09,21611.25
2016-11-10,21261.916666666668
2016-11-11,17736.291666666668
2016-11-12,18085.791666666668
2016-11-13,17121.541666666668
2016-11-14,20799.5
2016-11-15,21483.875
2016-11-16,21477.125
2016-11-17,21182.375
2016-11-18,20602.458333333332
2016-11-19,18916.291666666668
2016-11-20,16626.416666666668
2016-11-21,19952.541666666668
2016-11-22,20625.125
2016-11-23,21090.666666666668
2016-11-24,21346.875
2016-11-25,21486.666666666668
2016-11-26,19242.666666666668
2016-11-27,17050.625
2016-11-28,20971.083333333332
2016-11-29,21664.833333333332
2016-11-30,21720.291666666668
2016-12-01,21641.916666666668
2016-12-02,21426.166666666668
2016-12-03,19510.083333333332
2016-12-04,17894.166666666668
2016-12-05,21310.666666666668
2016-12-06,21972.625
2016-12-07,22030.166666666668
2016-12-08,21588.958333333332
2016-12-09,21568.75
2016-12-10,19249.166666666668
2016-12-11,17366.291666666668
2016-12-12,21254.458333333332
2016-12-13,22004.916666666668
2016-12-14,22175.041666666668
2016-12-15,22165.333333333332
2016-12-16,22062.416666666668
2016-12-17,20180.416666666668
2016-12-18,18389.208333333332
2016-12-19,21668.375
2016-12-20,22115.458333333332
2016-12-21,21883.5
2016-12-22,21803.291666666668
2016-12-23,21103.375
2016-12-24,16831.625
2016-12-25,14639.0
2016-12-26,14586.416666666666
2016-12-27,18322.75
2016-12-28,19683.083333333332
2016-12-29,19830.375
2016-12-30,19453.375
2016-12-31,17131.208333333332
2017-01-01,15223.333333333334
2017-01-02,20046.208333333332
2017-01-03,21315.041666666668
2017-01-04,21363.5
2017-01-05,21792.666666666668
2017-01-06,18912.5
2017-01-07,19758.958333333332
2017-01-08,18963.583333333332
2017-01-09,22474.708333333332
2017-01-10,22875.0
2017-01-11,22870.541666666668
2017-01-12,22279.291666666668
2017-01-13,22008.166666666668
2017-01-14,19916.125
2017-01-15,18072.833333333332
2017-01-16,21710.833333333332
2017-01-17,22493.0
2017-01-18,22677.875
2017-01-19,22697.458333333332
2017-01-20,22330.291666666668
2017-01-21,19889.0
2017-01-22,17920.833333333332
2017-01-23,21518.208333333332
2017-01-24,22280.208333333332
2017-01-25,22196.333333333332
2017-01-26,22034.958333333332
2017-01-27,22054.75
2017-01-28,19851.833333333332
2017-01-29,17952.458333333332
2017-01-30,21457.166666666668
2017-01-31,22035.458333333332
2017-02-01,22076.458333333332
2017-02-02,21907.791666666668
2017-02-03,21763.583333333332
2017-02-04,19568.75
2017-02-05,17854.208333333332
2017-02-06,21491.708333333332
2017-02-07,22301.833333333332
2017-02-08,22629.958333333332
2017-02-09,22736.541666666668
2017-02-10,22183.833333333332
2017-02-11,20064.083333333332
2017-02-12,18345.375
2017-02-13,22125.083333333332
2017-02-14,22339.333333333332
2017-02-15,21883.083333333332
2017-02-16,21439.791666666668
2017-02-17,21553.208333333332
2017-02-18,19405.625
2017-02-19,17276.916666666668
2017-02-20,20629.166666666668
2017-02-21,21015.958333333332
2017-02-22,21030.125
2017-02-23,20899.916666666668
2017-02-24,20832.083333333332
2017-02-25,18912.0
2017-02-26,17013.875
2017-02-27,19918.291666666668
2017-02-28,20335.708333333332
2017-03-01,20458.958333333332
2017-03-02,20516.791666666668
2017-03-03,20445.916666666668
2017-03-04,18189.208333333332
2017-03-05,16233.541666666666
2017-03-06,19944.25
2017-03-07,20555.291666666668
2017-03-08,20562.833333333332
2017-03-09,20860.75
2017-03-10,20625.833333333332
2017-03-11,18469.666666666668
2017-03-12,16712.791666666668
2017-03-13,20146.583333333332
2017-03-14,20403.458333333332
2017-03-15,20227.125
2017-03-16,20278.166666666668
2017-03-17,20127.291666666668
2017-03-18,18282.083333333332
2017-03-19,16461.333333333332
2017-03-20,19813.708333333332
2017-03-21,20076.625
2017-03-22,20374.75
2017-03-23,20314.958333333332
2017-03-24,20096.916666666668
2017-03-25,17975.5
2017-03-26,16148.208333333334
2017-03-27,19326.083333333332
2017-03-28,19668.375
2017-03-29,19674.458333333332
2017-03-30,19893.75
2017-03-31,19244.416666666668
2017-04-01,17132.208333333332
2017-04-02,15429.041666666666
2017-04-03,19108.625
2017-04-04,19629.041666666668
2017-04-05,19754.666666666668
2017-04-06,19836.75
2017-04-07,19961.75
2017-04-08,17877.625
2017-04-09,15945.083333333334
2017-04-10,19158.458333333332
2017-04-11,19768.291666666668
2017-04-12,20205.708333333332
2017-04-13,20078.416666666668
2017-04-14,19286.708333333332
2017-04-15,16069.583333333334
2017-04-16,13614.125
2017-04-17,13854.333333333334
2017-04-18,19085.708333333332
2017-04-19,20061.666666666668
2017-04-20,20291.625
2017-04-21,20147.458333333332
2017-04-22,18055.791666666668
2017-04-23,16151.083333333334
2017-04-24,19506.875
2017-04-25,19817.583333333332
2017-04-26,20377.083333333332
2017-04-27,20443.625
2017-04-28,20398.333333333332
2017-04-29,17913.458333333332
2017-04-30,15593.375
2017-05-01,14871.916666666666
2017-05-02,16390.375
2017-05-03,15163.875
2017-05-04,18736.166666666668
2017-05-05,19069.791666666668
2017-05-06,17433.708333333332
2017-05-07,15496.125
2017-05-08,19025.791666666668
2017-05-09,19618.125
2017-05-10,19681.541666666668
2017-05-11,19468.916666666668
2017-05-12,19290.875
2017-05-13,17393.666666666668
2017-05-14,15313.625
2017-05-15,18758.083333333332
2017-05-16,19146.125
2017-05-17,19136.0
2017-05-18,19103.25
2017-05-19,19038.75
2017-05-20,17016.333333333332
2017-05-21,14960.25
2017-05-22,18476.5
2017-05-23,19047.583333333332
2017-05-24,19018.833333333332
2017-05-25,19116.375
2017-05-26,18937.041666666668
2017-05-27,16980.875
2017-05-28,15081.875
2017-05-29,18765.375
2017-05-30,19380.791666666668
2017-05-31,19086.416666666668
2017-06-01,18738.833333333332
2017-06-02,18802.333333333332
2017-06-03,16882.666666666668
2017-06-04,14807.958333333334
2017-06-05,18404.0
2017-06-06,18984.416666666668
2017-06-07,18830.333333333332
2017-06-08,18905.666666666668
2017-06-09,19050.416666666668
2017-06-10,17123.166666666668
2017-06-11,15120.791666666666
2017-06-12,18554.041666666668
2017-06-13,18775.958333333332
2017-06-14,18782.416666666668
2017-06-15,14871.666666666666
2017-06-16,17032.833333333332
2017-06-17,16237.708333333334
2017-06-18,14980.0
2017-06-19,18831.041666666668
2017-06-20,19529.375
2017-06-21,19204.083333333332
2017-06-22,19331.666666666668
2017-06-23,19233.375
2017-06-24,17175.833333333332
2017-06-25,15436.041666666666
2017-06-26,18857.875
2017-06-27,19403.666666666668
2017-06-28,19741.625
2017-06-29,19620.708333333332
2017-06-30,19215.166666666668
2017-07-01,16907.666666666668
2017-07-02,15144.0
2017-07-03,18226.416666666668
2017-07-04,18718.5
2017-07-05,19069.041666666668
2017-07-06,19098.708333333332
2017-07-07,19013.833333333332
2017-07-08,17203.041666666668
2017-07-09,15344.541666666666
2017-07-10,18937.75
2017-07-11,19449.75
2017-07-12,19473.125
2017-07-13,19020.583333333332
2017-07-14,18859.375
2017-07-15,16833.083333333332
2017-07-16,15053.041666666666
2017-07-17,18349.625
2017-07-18,18981.5
2017-07-19,19329.041666666668
2017-07-20,19503.541666666668
2017-07-21,19460.875
2017-07-22,17375.0
2017-07-23,15544.0
2017-07-24,18773.0
2017-07-25,18947.458333333332
2017-07-26,18792.333333333332
2017-07-27,18875.0
2017-07-28,18802.083333333332
2017-07-29,16696.041666666668
2017-07-30,15434.875
2017-07-31,19101.5
2017-08-01,19814.333333333332
2017-08-02,19687.708333333332
2017-08-03,19691.416666666668
2017-08-04,19379.0
2017-08-05,17216.166666666668
2017-08-06,15234.375
2017-08-07,18343.625
2017-08-08,18703.458333333332
2017-08-09,19306.458333333332
2017-08-10,19530.708333333332
2017-08-11,19621.333333333332
2017-08-12,16810.833333333332
2017-08-13,14868.958333333334
2017-08-14,16840.708333333332
2017-08-15,14656.75
2017-08-16,18599.708333333332
2017-08-17,19259.125
2017-08-18,19669.416666666668
2017-08-19,17450.083333333332
2017-08-20,15246.416666666666
2017-08-21,18350.416666666668
2017-08-22,18971.416666666668
2017-08-23,19124.125
2017-08-24,19341.416666666668
2017-08-25,19389.125
2017-08-26,17489.125
2017-08-27,15584.0
2017-08-28,18920.25
2017-08-29,19394.875
2017-08-30,19675.5
2017-08-31,19926.375
2017-09-01,19717.625
2017-09-02,17261.833333333332
2017-09-03,15550.416666666666
2017-09-04,18809.666666666668
2017-09-05,19552.75
2017-09-06,19655.5
2017-09-07,19597.083333333332
2017-09-08,19348.875
2017-09-09,17356.333333333332
2017-09-10,15679.916666666666
2017-09-11,19299.916666666668
2017-09-12,19615.541666666668
2017-09-13,19287.041666666668
2017-09-14,19604.833333333332
2017-09-15,19522.083333333332
2017-09-16,17669.25
2017-09-17,16003.583333333334
2017-09-18,19179.625
2017-09-19,19814.708333333332
2017-09-20,20183.125
2017-09-21,20156.291666666668
2017-09-22,20286.333333333332
2017-09-23,18282.5
2017-09-24,16271.666666666666
2017-09-25,19745.291666666668
2017-09-26,20217.708333333332
2017-09-27,20032.916666666668
2017-09-28,20032.833333333332
2017-09-29,19892.916666666668
2017-09-30,17860.875
2017-10-01,16039.791666666666
2017-10-02,19456.208333333332
2017-10-03,20351.833333333332
2017-10-04,20174.25
2017-10-05,20153.708333333332
2017-10-06,19854.583333333332
2017-10-07,18169.833333333332
2017-10-08,16494.208333333332
2017-10-09,20092.416666666668
2017-10-10,20699.666666666668
2017-10-11,20775.166666666668
2017-10-12,20544.5
2017-10-13,20447.666666666668
2017-10-14,18394.166666666668
2017-10-15,16415.083333333332
2017-10-16,19888.416666666668
2017-10-17,20347.791666666668
2017-10-18,20518.208333333332
2017-10-19,20412.958333333332
2017-10-20,20421.083333333332
2017-10-21,18418.875
2017-10-22,16619.0
2017-10-23,20354.75
2017-10-24,20878.625
2017-10-25,20978.458333333332
2017-10-26,20724.708333333332
2017-10-27,20852.833333333332
2017-10-28,18686.041666666668
2017-10-29,16679.458333333332
2017-10-30,20442.291666666668
2017-10-31,20767.083333333332
2017-11-01,15925.0
2017-11-02,19912.916666666668
2017-11-03,20878.958333333332
2017-11-04,18916.916666666668
2017-11-05,16942.958333333332
2017-11-06,20580.375
2017-11-07,21342.625
2017-11-08,21545.375
2017-11-09,21608.25
2017-11-10,21102.708333333332
2017-11-11,17657.416666666668
2017-11-12,16938.125
2017-11-13,20943.833333333332
2017-11-14,21558.833333333332
2017-11-15,21639.541666666668
2017-11-16,21687.541666666668
2017-11-17,21599.916666666668
2017-11-18,19451.708333333332
2017-11-19,17441.041666666668
2017-11-20,21399.583333333332
2017-11-21,22051.625
2017-11-22,21994.25
2017-11-23,21611.541666666668
2017-11-24,21642.541666666668
2017-11-25,19459.458333333332
2017-11-26,17564.541666666668
2017-11-27,21353.25
2017-11-28,21995.333333333332
2017-11-29,22261.291666666668
2017-11-30,22367.833333333332
2017-12-01,21958.291666666668
2017-12-02,20091.208333333332
2017-12-03,18096.5
2017-12-04,21415.083333333332
2017-12-05,22029.291666666668
2017-12-06,22083.166666666668
2017-12-07,22116.708333333332
2017-12-08,22156.958333333332
2017-12-09,20090.708333333332
2017-12-10,18026.0
2017-12-11,21579.0
2017-12-12,21785.875
2017-12-13,21944.666666666668
2017-12-14,22093.583333333332
2017-12-15,22180.916666666668
2017-12-16,20079.416666666668
2017-12-17,18290.166666666668
2017-12-18,22046.916666666668
2017-12-19,22727.75
2017-12-20,22663.208333333332
2017-12-21,22285.708333333332
2017-12-22,21454.208333333332
2017-12-23,19147.166666666668
2017-12-24,15900.333333333334
2017-12-25,14665.0
2017-12-26,14891.291666666666
2017-12-27,18355.333333333332
2017-12-28,19266.375
2017-12-29,19374.958333333332
2017-12-30,18098.625
2017-12-31,16287.25
2018-01-01,15160.041666666666
2018-01-02,19363.875
2018-01-03,20946.416666666668
2018-01-04,21110.083333333332
2018-01-05,21081.458333333332
2018-01-06,17490.0
2018-01-07,17259.625
2018-01-08,21454.958333333332
2018-01-09,22009.041666666668
2018-01-10,22058.375
2018-01-11,22134.791666666668
2018-01-12,22179.625
2018-01-13,20050.833333333332
2018-01-14,18256.708333333332
2018-01-15,22070.541666666668
2018-01-16,22625.333333333332
2018-01-17,22291.958333333332
2018-01-18,22149.125
2018-01-19,22229.083333333332
2018-01-20,20027.041666666668
2018-01-21,18261.666666666668
2018-01-22,21895.916666666668
2018-01-23,22599.75
2018-01-24,22190.083333333332
2018-01-25,21818.166666666668
2018-01-26,21923.0
2018-01-27,19731.125
2018-01-28,17592.208333333332
2018-01-29,20918.708333333332
2018-01-30,21590.083333333332
2018-01-31,21628.875
2018-02-01,21691.041666666668
2018-02-02,21610.333333333332
2018-02-03,19534.416666666668
2018-02-04,17815.791666666668
2018-02-05,21730.083333333332
2018-02-06,22486.291666666668
2018-02-07,22534.291666666668
2018-02-08,22553.375
2018-02-09,22488.041666666668
2018-02-10,20299.041666666668
2018-02-11,17996.041666666668
2018-02-12,21503.916666666668
2018-02-13,21972.416666666668
2018-02-14,22166.791666666668
2018-02-15,22258.416666666668
2018-02-16,22011.291666666668
2018-02-17,19855.541666666668
2018-02-18,17989.333333333332
2018-02-19,21573.083333333332
2018-02-20,22071.958333333332
2018-02-21,22222.666666666668
2018-02-22,22386.208333333332
2018-02-23,22501.166666666668
2018-02-24,20468.0
2018-02-25,18926.25
2018-02-26,22700.083333333332
2018-02-27,23446.5
2018-02-28,23494.166666666668
2018-03-01,23502.708333333332
2018-03-02,23322.708333333332
2018-03-03,21002.708333333332
2018-03-04,18790.625
2018-03-05,21859.375
2018-03-06,22097.833333333332
2018-03-07,22012.833333333332
2018-03-08,21582.791666666668
2018-03-09,21482.833333333332
2018-03-10,19350.958333333332
2018-03-11,16729.333333333332
2018-03-12,20171.25
2018-03-13,20642.041666666668
2018-03-14,21134.583333333332
2018-03-15,21395.583333333332
2018-03-16,21682.708333333332
2018-03-17,19895.583333333332
2018-03-18,17867.791666666668
2018-03-19,21662.666666666668
2018-03-20,22101.333333333332
2018-03-21,21922.041666666668
2018-03-22,21741.25
2018-03-23,21897.458333333332
2018-03-24,19486.958333333332
2018-03-25,17198.375
2018-03-26,20999.958333333332
2018-03-27,21673.125
2018-03-28,21514.125
2018-03-29,21654.875
2018-03-30,20054.125
2018-03-31,16961.416666666668
2018-04-01,14327.208333333334
2018-04-02,14493.291666666666
2018-04-03,19304.541666666668
2018-04-04,20059.333333333332
2018-04-05,19986.958333333332
2018-04-06,20104.291666666668
2018-04-07,17914.0
2018-04-08,15549.916666666666
2018-04-09,19206.291666666668
2018-04-10,19563.25
2018-04-11,19566.625
2018-04-12,19577.333333333332
2018-04-13,19570.625
2018-04-14,17438.458333333332
2018-04-15,15265.791666666666
2018-04-16,19355.208333333332
2018-04-17,19729.5
2018-04-18,19554.75
2018-04-19,19642.458333333332
2018-04-20,19558.5
2018-04-21,17443.375
2018-04-22,15143.083333333334
2018-04-23,19003.208333333332
2018-04-24,19447.541666666668
2018-04-25,19548.583333333332
2018-04-26,19641.125
2018-04-27,19438.458333333332
2018-04-28,17537.791666666668
2018-04-29,15537.25
2018-04-30,17673.666666666668
2018-05-01,15186.458333333334
2018-05-02,16575.958333333332
2018-05-03,14862.416666666666
2018-05-04,16990.291666666668
2018-05-05,16316.375
2018-05-06,14968.25
2018-05-07,18538.375
2018-05-08,19316.458333333332
2018-05-09,19444.833333333332
2018-05-10,19620.916666666668
2018-05-11,19720.375
2018-05-12,17524.5
2018-05-13,14962.958333333334
2018-05-14,18544.041666666668
2018-05-15,19053.625
2018-05-16,19401.083333333332
2018-05-17,19685.166666666668
2018-05-18,19480.0
2018-05-19,17159.666666666668
2018-05-20,14624.875
2018-05-21,18519.083333333332
2018-05-22,19285.416666666668
2018-05-23,19450.708333333332
2018-05-24,19489.75
2018-05-25,19506.666666666668
2018-05-26,17576.875
2018-05-27,15777.75
2018-05-28,19534.625
2018-05-29,19948.166666666668
2018-05-30,19947.333333333332
2018-05-31,15907.666666666666
2018-06-01,18249.666666666668
2018-06-02,17379.916666666668
2018-06-03,15854.416666666666
2018-06-04,19657.083333333332
2018-06-05,19899.0
2018-06-06,19489.125
2018-06-07,19607.666666666668
2018-06-08,20073.041666666668
2018-06-09,18009.5
2018-06-10,15777.625
2018-06-11,19595.541666666668
2018-06-12,19750.666666666668
2018-06-13,19638.875
2018-06-14,19676.583333333332
2018-06-15,19765.083333333332
2018-06-16,17777.333333333332
2018-06-17,15585.666666666666
2018-06-18,19452.5
2018-06-19,19793.541666666668
2018-06-20,19985.0
2018-06-21,20044.458333333332
2018-06-22,18987.0
2018-06-23,16979.291666666668
2018-06-24,15198.958333333334
2018-06-25,18706.0
2018-06-26,19326.125
2018-06-27,19610.958333333332
2018-06-28,19878.333333333332
2018-06-29,19683.25
2018-06-30,17132.5
2018-07-01,15240.375
2018-07-02,18510.375
2018-07-03,19255.125
2018-07-04,19628.791666666668
2018-07-05,19931.166666666668
2018-07-06,19769.0
2018-07-07,17509.541666666668
2018-07-08,15424.375
2018-07-09,19297.416666666668
2018-07-10,19840.541666666668
2018-07-11,19903.208333333332
2018-07-12,19662.708333333332
2018-07-13,19530.625
2018-07-14,17457.625
2018-07-15,15304.958333333334
2018-07-16,18871.583333333332
2018-07-17,19600.166666666668
2018-07-18,19720.791666666668
2018-07-19,19598.083333333332
2018-07-20,19607.166666666668
2018-07-21,17471.041666666668
2018-07-22,15461.041666666666
2018-07-23,19135.5
2018-07-24,19630.541666666668
2018-07-25,19753.083333333332
2018-07-26,19959.833333333332
2018-07-27,20006.666666666668
2018-07-28,17953.291666666668
2018-07-29,16126.791666666666
2018-07-30,19503.791666666668
2018-07-31,20226.333333333332
2018-08-01,20236.916666666668
2018-08-02,20442.125
2018-08-03,20229.833333333332
2018-08-04,17902.375
2018-08-05,15922.541666666666
2018-08-06,18868.958333333332
2018-08-07,19659.625
2018-08-08,20002.666666666668
2018-08-09,20315.333333333332
2018-08-10,20004.75
2018-08-11,17408.0
2018-08-12,15141.125
2018-08-13,19002.541666666668
2018-08-14,19386.041666666668
2018-08-15,15745.5
2018-08-16,18819.25
2018-08-17,19395.666666666668
2018-08-18,17662.083333333332
2018-08-19,15624.333333333334
2018-08-20,19577.5
2018-08-21,19937.833333333332
2018-08-22,19918.333333333332
2018-08-23,20226.0
2018-08-24,20288.083333333332
2018-08-25,17694.833333333332
2018-08-26,15616.708333333334
2018-08-27,18816.291666666668
2018-08-28,19568.833333333332
2018-08-29,19752.916666666668
2018-08-30,19829.166666666668
2018-08-31,19778.458333333332
2018-09-01,17618.125
2018-09-02,15882.625
2018-09-03,19426.833333333332
2018-09-04,20016.291666666668
2018-09-05,20035.708333333332
2018-09-06,20066.208333333332
2018-09-07,20103.625
2018-09-08,17785.666666666668
2018-09-09,15640.125
2018-09-10,19463.291666666668
2018-09-11,20002.666666666668
2018-09-12,20213.666666666668
2018-09-13,20150.5
2018-09-14,20112.0
2018-09-15,17693.041666666668
2018-09-16,15554.791666666666
2018-09-17,19461.666666666668
2018-09-18,20162.833333333332
2018-09-19,20347.833333333332
2018-09-20,20434.208333333332
2018-09-21,20218.291666666668
2018-09-22,17690.875
2018-09-23,15614.541666666666
2018-09-24,19213.208333333332
2018-09-25,19936.166666666668
2018-09-26,19884.208333333332
2018-09-27,20202.625
2018-09-28,20076.666666666668
2018-09-29,18024.958333333332
2018-09-30,16145.833333333334
2018-10-01,19724.875
2018-10-02,20561.666666666668
2018-10-03,20521.166666666668
2018-10-04,20573.375
2018-10-05,20327.833333333332
2018-10-06,18043.208333333332
2018-10-07,16287.5
2018-10-08,20016.958333333332
2018-10-09,20513.083333333332
2018-10-10,20423.0
2018-10-11,20287.208333333332
2018-10-12,20229.0
2018-10-13,17970.541666666668
2018-10-14,15723.041666666666
2018-10-15,19574.0
2018-10-16,20280.125
2018-10-17,20341.125
2018-10-18,20498.458333333332
2018-10-19,20675.833333333332
2018-10-20,18411.833333333332
2018-10-21,16316.375
2018-10-22,20238.291666666668
2018-10-23,20918.791666666668
2018-10-24,20818.458333333332
2018-10-25,21131.375
2018-10-26,20924.291666666668
2018-10-27,18693.541666666668
2018-10-28,17114.583333333332
2018-10-29,20727.166666666668
2018-10-30,20527.958333333332
2018-10-31,20270.625
2018-11-01,15459.333333333334
2018-11-02,18092.916666666668
2018-11-03,17951.875
2018-11-04,16554.5
2018-11-05,20137.5
2018-11-06,20626.5
2018-11-07,20847.291666666668
2018-11-08,21079.458333333332
2018-11-09,21278.083333333332
2018-11-10,18983.875
2018-11-11,16110.333333333334
2018-11-12,17335.875
2018-11-13,20627.25
2018-11-14,21396.416666666668
2018-11-15,21474.25
2018-11-16,21591.75
2018-11-17,19710.833333333332
2018-11-18,17652.375
2018-11-19,21498.208333333332
2018-11-20,22263.958333333332
2018-11-21,22578.916666666668
2018-11-22,22849.208333333332
2018-11-23,22837.416666666668
2018-11-24,20456.208333333332
2018-11-25,18125.0
2018-11-26,22079.958333333332
2018-11-27,22749.0
2018-11-28,22787.291666666668
2018-11-29,22909.916666666668
2018-11-30,22878.208333333332
2018-12-01,20776.708333333332
2018-12-02,18465.666666666668
2018-12-03,21909.958333333332
2018-12-04,21888.5
2018-12-05,22315.041666666668
2018-12-06,22740.208333333332
2018-12-07,22487.291666666668
2018-12-08,19920.166666666668
2018-12-09,17722.5
2018-12-10,21734.416666666668
2018-12-11,22550.416666666668
2018-12-12,22735.083333333332
2018-12-13,22974.875
2018-12-14,23059.041666666668
2018-12-15,20846.125
2018-12-16,18912.0
2018-12-17,22663.583333333332
2018-12-18,22808.208333333332
2018-12-19,22784.375
2018-12-20,22758.708333333332
2018-12-21,21857.541666666668
2018-12-22,19652.208333333332
2018-12-23,18313.291666666668
2018-12-24,17091.791666666668
2018-12-25,15037.125
2018-12-26,15201.666666666666
2018-12-27,18639.583333333332
2018-12-28,19116.583333333332
2018-12-29,18229.5
2018-12-30,16873.25
2018-12-31,17202.625
2019-01-01,14977.916666666666
2019-01-02,20062.208333333332
2019-01-03,21603.25
2019-01-04,21957.458333333332
2019-01-05,19896.625
2019-01-06,17902.291666666668
2019-01-07,22015.583333333332
2019-01-08,22613.041666666668
2019-01-09,22599.5
2019-01-10,22920.333333333332
2019-01-11,22802.625
2019-01-12,20205.708333333332
2019-01-13,17951.708333333332
2019-01-14,21663.875
2019-01-15,22317.166666666668
2019-01-16,22110.625
2019-01-17,21929.625
2019-01-18,22248.458333333332
2019-01-19,20231.666666666668
2019-01-20,18287.958333333332
2019-01-21,22582.666666666668
2019-01-22,23093.458333333332
2019-01-23,23151.25
2019-01-24,23285.833333333332
2019-01-25,23276.5
2019-01-26,20781.333333333332
2019-01-27,18568.583333333332
2019-01-28,21975.541666666668
2019-01-29,22404.708333333332
2019-01-30,22377.833333333332
2019-01-31,22432.833333333332
2019-02-01,22194.666666666668
2019-02-02,19560.208333333332
2019-02-03,17579.708333333332
2019-02-04,21622.25
2019-02-05,22188.5
2019-02-06,22185.708333333332
2019-02-07,22034.458333333332
2019-02-08,21820.208333333332
2019-02-09,19545.333333333332
2019-02-10,17236.0
2019-02-11,21187.041666666668
2019-02-12,21885.708333333332
2019-02-13,21987.208333333332
2019-02-14,21651.0
2019-02-15,21449.041666666668
2019-02-16,19009.958333333332
2019-02-17,16873.458333333332
2019-02-18,20550.291666666668
2019-02-19,21020.958333333332
2019-02-20,21285.791666666668
2019-02-21,21500.375
2019-02-22,21624.666666666668
2019-02-23,19599.5
2019-02-24,17569.166666666668
2019-02-25,20893.791666666668
2019-02-26,21355.25
2019-02-27,21248.833333333332
2019-02-28,20865.458333333332
2019-03-01,21488.416666666668
2019-03-02,19259.666666666668
2019-03-03,17047.666666666668
2019-03-04,20345.416666666668
2019-03-05,21005.166666666668
2019-03-06,20947.916666666668
2019-03-07,20922.916666666668
2019-03-08,20680.458333333332
2019-03-09,18730.375
2019-03-10,16735.625
2019-03-11,20480.0
2019-03-12,21245.083333333332
2019-03-13,21372.0
2019-03-14,21276.583333333332
2019-03-15,21191.083333333332
2019-03-16,18898.291666666668
2019-03-17,16316.75
2019-03-18,20270.125
2019-03-19,20977.916666666668
2019-03-20,20828.708333333332
2019-03-21,20923.875
2019-03-22,20845.958333333332
2019-03-23,18246.541666666668
2019-03-24,16007.916666666666
2019-03-25,20059.375
2019-03-26,20890.375
2019-03-27,20695.208333333332
2019-03-28,20725.75
2019-03-29,20469.708333333332
2019-03-30,18017.625
2019-03-31,16090.375
2019-04-01,19663.041666666668
2019-04-02,20012.625
2019-04-03,20013.875
2019-04-04,19920.75
2019-04-05,19684.625
2019-04-06,17511.625
2019-04-07,15472.5
2019-04-08,19289.041666666668
2019-04-09,19841.833333333332
2019-04-10,20294.833333333332
2019-04-11,20556.791666666668
2019-04-12,20581.333333333332
2019-04-13,18509.0
2019-04-14,16330.458333333334
2019-04-15,19933.208333333332
2019-04-16,20328.166666666668
2019-04-17,20368.958333333332
2019-04-18,20202.625
2019-04-19,19352.541666666668
2019-04-20,15837.333333333334
2019-04-21,13125.041666666666
2019-04-22,13339.291666666666
2019-04-23,18220.166666666668
2019-04-24,19584.25
2019-04-25,19828.125
2019-04-26,19682.291666666668
2019-04-27,17634.916666666668
2019-04-28,15796.958333333334
2019-04-29,18888.541666666668
2019-04-30,18865.125
2019-05-01,15536.833333333334
2019-05-02,16292.25
2019-05-03,14851.583333333334
2019-05-04,15709.75
2019-05-05,14992.583333333334
2019-05-06,19153.333333333332
2019-05-07,19625.875
2019-05-08,19715.875
2019-05-09,19975.916666666668
2019-05-10,19835.291666666668
2019-05-11,17589.75
2019-05-12,15450.541666666666
2019-05-13,19486.666666666668
2019-05-14,20136.458333333332
2019-05-15,20448.375
2019-05-16,20218.333333333332
2019-05-17,19858.75
2019-05-18,17303.541666666668
2019-05-19,15063.666666666666
2019-05-20,19050.625
2019-05-21,19605.333333333332
2019-05-22,19687.75
2019-05-23,19700.541666666668
2019-05-24,19540.75
2019-05-25,17071.541666666668
2019-05-26,15138.083333333334
2019-05-27,18999.041666666668
2019-05-28,19604.666666666668
2019-05-29,19454.541666666668
2019-05-30,19538.083333333332
2019-05-31,19295.291666666668
2019-06-01,16958.791666666668
2019-06-02,15052.375
2019-06-03,19095.833333333332
2019-06-04,19808.583333333332
2019-06-05,20019.125
2019-06-06,19931.166666666668
2019-06-07,19940.708333333332
2019-06-08,17415.75
2019-06-09,14896.916666666666
2019-06-10,19491.541666666668
2019-06-11,20714.0
2019-06-12,20920.208333333332
2019-06-13,20787.25
2019-06-14,20713.458333333332
2019-06-15,18418.166666666668
2019-06-16,15865.083333333334
2019-06-17,19469.375
2019-06-18,19977.125
2019-06-19,20086.208333333332
2019-06-20,15781.458333333334
2019-06-21,17910.625
2019-06-22,16591.791666666668
2019-06-23,14746.791666666666
2019-06-24,19183.083333333332
2019-06-25,20299.791666666668
2019-06-26,20962.208333333332
2019-06-27,20045.791666666668
2019-06-28,19507.875
2019-06-29,17253.541666666668
2019-06-30,16012.333333333334
2019-07-01,19768.708333333332
2019-07-02,19552.625
2019-07-03,19093.0
2019-07-04,19096.625
2019-07-05,19096.333333333332
2019-07-06,17157.0
2019-07-07,14859.833333333334
2019-07-08,18327.708333333332
2019-07-09,18920.291666666668
2019-07-10,18929.208333333332
2019-07-11,19073.75
2019-07-12,19108.291666666668
2019-07-13,16899.291666666668
2019-07-14,14851.708333333334
2019-07-15,18332.541666666668
2019-07-16,18865.875
2019-07-17,19049.916666666668
2019-07-18,19179.666666666668
2019-07-19,19264.416666666668
2019-07-20,17228.125
2019-07-21,15188.333333333334
2019-07-22,18677.083333333332
2019-07-23,19179.5
2019-07-24,19445.625
2019-07-25,19661.958333333332
2019-07-26,19354.666666666668
2019-07-27,16986.583333333332
2019-07-28,15742.666666666666
2019-07-29,19418.416666666668
2019-07-30,19590.083333333332
2019-07-31,19200.916666666668
2019-08-01,19007.333333333332
2019-08-02,18748.708333333332
2019-08-03,16565.291666666668
2019-08-04,14665.708333333334
2019-08-05,18385.75
2019-08-06,19169.458333333332
2019-08-07,19447.791666666668
2019-08-08,19123.125
2019-08-09,19035.375
2019-08-10,17153.875
2019-08-11,15209.291666666666
2019-08-12,19065.041666666668
2019-08-13,19052.458333333332
2019-08-14,18699.75
2019-08-15,14877.333333333334
2019-08-16,16868.125
2019-08-17,16080.375
2019-08-18,14780.708333333334
2019-08-19,19141.291666666668
2019-08-20,19747.791666666668
2019-08-21,19638.791666666668
2019-08-22,19405.708333333332
2019-08-23,19348.666666666668
2019-08-24,17296.875
2019-08-25,15553.625
2019-08-26,19554.166666666668
2019-08-27,20301.0
2019-08-28,20521.125
2019-08-29,20636.541666666668
2019-08-30,20464.375
2019-08-31,17909.125
2019-09-01,15805.125
2019-09-02,19328.75
2019-09-03,19435.0
2019-09-04,19399.083333333332
2019-09-05,19333.875
2019-09-06,19137.708333333332
2019-09-07,17025.291666666668
2019-09-08,15034.0
2019-09-09,18978.416666666668
2019-09-10,19262.166666666668
2019-09-11,19321.125
2019-09-12,19419.708333333332
2019-09-13,19551.833333333332
2019-09-14,17001.916666666668
2019-09-15,15090.208333333334
2019-09-16,18868.25
2019-09-17,19507.125
2019-09-18,19542.25
2019-09-19,19765.666666666668
2019-09-20,19861.791666666668
2019-09-21,17624.375
2019-09-22,15483.625
2019-09-23,19383.916666666668
2019-09-24,20106.083333333332
2019-09-25,20473.458333333332
2019-09-26,20483.708333333332
2019-09-27,20219.125
2019-09-28,17829.25
2019-09-29,16008.958333333334
2019-09-30,19477.5
2019-10-01,20079.458333333332
2019-10-02,20487.666666666668
2019-10-03,20445.75
2019-10-04,20514.875
2019-10-05,18217.875
2019-10-06,16320.916666666666
2019-10-07,20462.208333333332
2019-10-08,21136.083333333332
2019-10-09,20963.708333333332
2019-10-10,20753.5
2019-10-11,20447.791666666668
2019-10-12,17965.375
2019-10-13,15946.333333333334
2019-10-14,19671.75
2019-10-15,20154.875
2019-10-16,20337.958333333332
2019-10-17,20219.208333333332
2019-10-18,20163.875
2019-10-19,17892.875
2019-10-20,15863.916666666666
2019-10-21,19859.208333333332
2019-10-22,20405.25
2019-10-23,20595.25
2019-10-24,20581.583333333332
2019-10-25,20441.291666666668
2019-10-26,18026.625
2019-10-27,16349.416666666666
2019-10-28,20159.083333333332
2019-10-29,21073.333333333332
2019-10-30,21184.916666666668
2019-10-31,20836.916666666668
2019-11-01,15665.083333333334
2019-11-02,16869.833333333332
2019-11-03,15965.833333333334
2019-11-04,20289.458333333332
2019-11-05,21022.208333333332
2019-11-06,21050.75
2019-11-07,21081.416666666668
2019-11-08,21089.833333333332
2019-11-09,18812.333333333332
2019-11-10,16529.5
2019-11-11,16606.833333333332
2019-11-12,20587.291666666668
2019-11-13,21316.958333333332
2019-11-14,21316.625
2019-11-15,21243.0
2019-11-16,18725.0
2019-11-17,16451.041666666668
2019-11-18,20400.208333333332
2019-11-19,20961.0
2019-11-20,21315.125
2019-11-21,21427.0
2019-11-22,21368.375
2019-11-23,19239.375
2019-11-24,17398.5
2019-11-25,21432.125
2019-11-26,22059.958333333332
2019-11-27,21842.25
2019-11-28,21669.25
2019-11-29,21496.666666666668
2019-11-30,19364.583333333332
2019-12-01,17338.0
2019-12-02,21517.5
2019-12-03,22287.791666666668
2019-12-04,22030.416666666668
2019-12-05,22083.083333333332
2019-12-06,22178.458333333332
2019-12-07,19816.208333333332
2019-12-08,17348.041666666668
2019-12-09,21316.083333333332
2019-12-10,22094.875
2019-12-11,22387.125
2019-12-12,22519.958333333332
2019-12-13,22142.5
2019-12-14,19735.375
2019-12-15,17825.0
2019-12-16,21188.166666666668
2019-12-17,21637.416666666668
2019-12-18,21381.25
2019-12-19,21302.791666666668
2019-12-20,20592.458333333332
2019-12-21,19002.041666666668
2019-12-22,17618.416666666668
2019-12-23,19726.791666666668
2019-12-24,16570.5
2019-12-25,14408.041666666666
2019-12-26,14523.583333333334
2019-12-27,17550.958333333332
2019-12-28,17807.75
2019-12-29,16809.5
2019-12-30,18698.416666666668
2019-12-31,17145.75
