utc_timestamp,NL_load_actual_entsoe_transparency
2015-01-01 00:00:00+00:00,10283.833333333334
2015-01-02 00:00:00+00:00,11931.25
2015-01-03 00:00:00+00:00,12920.25
2015-01-04 00:00:00+00:00,12529.25
2015-01-05 00:00:00+00:00,15715.708333333334
2015-01-06 00:00:00+00:00,15746.416666666666
2015-01-07 00:00:00+00:00,12741.708333333334
2015-01-08 00:00:00+00:00,13347.708333333334
2015-01-09 00:00:00+00:00,12912.0
2015-01-10 00:00:00+00:00,11191.125
2015-01-11 00:00:00+00:00,10478.416666666666
2015-01-12 00:00:00+00:00,12809.666666666666
2015-01-13 00:00:00+00:00,13030.916666666666
2015-01-14 00:00:00+00:00,13178.75
2015-01-15 00:00:00+00:00,13111.166666666666
2015-01-16 00:00:00+00:00,12752.333333333334
2015-01-17 00:00:00+00:00,11104.25
2015-01-18 00:00:00+00:00,10532.375
2015-01-19 00:00:00+00:00,12982.125
2015-01-20 00:00:00+00:00,13096.666666666666
2015-01-21 00:00:00+00:00,13046.625
2015-01-22 00:00:00+00:00,13228.708333333334
2015-01-23 00:00:00+00:00,13256.833333333334
2015-01-24 00:00:00+00:00,11303.0
2015-01-25 00:00:00+00:00,12939.125
2015-01-26 00:00:00+00:00,12928.333333333334
2015-01-27 00:00:00+00:00,12758.833333333334
2015-01-28 00:00:00+00:00,13267.958333333334
2015-01-29 00:00:00+00:00,13068.416666666666
2015-01-30 00:00:00+00:00,13007.208333333334
2015-01-31 00:00:00+00:00,11268.625
2015-02-01 00:00:00+00:00,10430.083333333334
2015-02-02 00:00:00+00:00,12978.125
2015-02-03 00:00:00+00:00,12758.083333333334
2015-02-04 00:00:00+00:00,13054.833333333334
2015-02-05 00:00:00+00:00,13012.75
2015-02-06 00:00:00+00:00,12894.125
2015-02-07 00:00:00+00:00,11362.833333333334
2015-02-08 00:00:00+00:00,10414.083333333334
2015-02-09 00:00:00+00:00,12597.583333333334
2015-02-10 00:00:00+00:00,12712.625
2015-02-11 00:00:00+00:00,13003.208333333334
2015-02-12 00:00:00+00:00,13017.541666666666
2015-02-13 00:00:00+00:00,12407.916666666666
2015-02-14 00:00:00+00:00,10576.958333333334
2015-02-15 00:00:00+00:00,9772.166666666666
2015-02-16 00:00:00+00:00,12116.458333333334
2015-02-17 00:00:00+00:00,12268.333333333334
2015-02-18 00:00:00+00:00,12587.958333333334
2015-02-19 00:00:00+00:00,12401.166666666666
2015-02-20 00:00:00+00:00,12796.625
2015-02-21 00:00:00+00:00,10808.166666666666
2015-02-22 00:00:00+00:00,10145.958333333334
2015-02-23 00:00:00+00:00,12391.333333333334
2015-02-24 00:00:00+00:00,12321.833333333334
2015-02-25 00:00:00+00:00,12634.833333333334
2015-02-26 00:00:00+00:00,12649.166666666666
2015-02-27 00:00:00+00:00,12148.75
2015-02-28 00:00:00+00:00,10452.125
2015-03-01 00:00:00+00:00,9661.041666666666
2015-03-02 00:00:00+00:00,12045.916666666666
2015-03-03 00:00:00+00:00,12412.375
2015-03-04 00:00:00+00:00,12524.916666666666
2015-03-05 00:00:00+00:00,12329.75
2015-03-06 00:00:00+00:00,12133.875
2015-03-07 00:00:00+00:00,10452.791666666666
2015-03-08 00:00:00+00:00,9445.25
2015-03-09 00:00:00+00:00,11936.166666666666
2015-03-10 00:00:00+00:00,11694.5
2015-03-11 00:00:00+00:00,11861.041666666666
2015-03-12 00:00:00+00:00,11791.541666666666
2015-03-13 00:00:00+00:00,11840.666666666666
2015-03-14 00:00:00+00:00,10704.75
2015-03-15 00:00:00+00:00,9759.5
2015-03-16 00:00:00+00:00,11587.541666666666
2015-03-17 00:00:00+00:00,11820.875
2015-03-18 00:00:00+00:00,12117.041666666666
2015-03-19 00:00:00+00:00,12130.791666666666
2015-03-20 00:00:00+00:00,12123.791666666666
2015-03-21 00:00:00+00:00,10488.916666666666
2015-03-22 00:00:00+00:00,9587.833333333334
2015-03-23 00:00:00+00:00,11650.958333333334
2015-03-24 00:00:00+00:00,11810.541666666666
2015-03-25 00:00:00+00:00,12202.291666666666
2015-03-26 00:00:00+00:00,12157.625
2015-03-27 00:00:00+00:00,11651.666666666666
2015-03-28 00:00:00+00:00,10575.291666666666
2015-03-29 00:00:00+00:00,9779.125
2015-03-30 00:00:00+00:00,11680.5
2015-03-31 00:00:00+00:00,12009.666666666666
2015-04-01 00:00:00+00:00,11869.291666666666
2015-04-02 00:00:00+00:00,11792.291666666666
2015-04-03 00:00:00+00:00,11529.916666666666
2015-04-04 00:00:00+00:00,10218.291666666666
2015-04-05 00:00:00+00:00,8933.708333333334
2015-04-06 00:00:00+00:00,9600.666666666666
2015-04-07 00:00:00+00:00,11626.083333333334
2015-04-08 00:00:00+00:00,11499.291666666666
2015-04-09 00:00:00+00:00,11293.875
2015-04-10 00:00:00+00:00,11033.958333333334
2015-04-11 00:00:00+00:00,9747.583333333334
2015-04-12 00:00:00+00:00,8756.916666666666
2015-04-13 00:00:00+00:00,11162.041666666666
2015-04-14 00:00:00+00:00,11005.166666666666
2015-04-15 00:00:00+00:00,11013.583333333334
2015-04-16 00:00:00+00:00,11261.833333333334
2015-04-17 00:00:00+00:00,11011.791666666666
2015-04-18 00:00:00+00:00,9413.333333333334
2015-04-19 00:00:00+00:00,8884.208333333334
2015-04-20 00:00:00+00:00,11024.416666666666
2015-04-21 00:00:00+00:00,11142.5
2015-04-22 00:00:00+00:00,11502.833333333334
2015-04-23 00:00:00+00:00,11351.666666666666
2015-04-24 00:00:00+00:00,11112.208333333334
2015-04-25 00:00:00+00:00,9635.625
2015-04-26 00:00:00+00:00,8938.791666666666
2015-04-27 00:00:00+00:00,8929.416666666666
2015-04-28 00:00:00+00:00,11222.0
2015-04-29 00:00:00+00:00,11448.958333333334
2015-04-30 00:00:00+00:00,11330.5
2015-05-01 00:00:00+00:00,11113.375
2015-05-02 00:00:00+00:00,9247.583333333334
2015-05-03 00:00:00+00:00,8850.083333333334
2015-05-04 00:00:00+00:00,10523.666666666666
2015-05-05 00:00:00+00:00,9984.125
2015-05-06 00:00:00+00:00,11032.166666666666
2015-05-07 00:00:00+00:00,10954.625
2015-05-08 00:00:00+00:00,10851.083333333334
2015-05-09 00:00:00+00:00,9579.583333333334
2015-05-10 00:00:00+00:00,8384.916666666666
2015-05-11 00:00:00+00:00,10912.916666666666
2015-05-12 00:00:00+00:00,10946.416666666666
2015-05-13 00:00:00+00:00,10696.333333333334
2015-05-14 00:00:00+00:00,8779.208333333334
2015-05-15 00:00:00+00:00,9750.791666666666
2015-05-16 00:00:00+00:00,9334.666666666666
2015-05-17 00:00:00+00:00,8652.166666666666
2015-05-18 00:00:00+00:00,11264.583333333334
2015-05-19 00:00:00+00:00,11236.375
2015-05-20 00:00:00+00:00,11002.375
2015-05-21 00:00:00+00:00,10962.125
2015-05-22 00:00:00+00:00,10894.125
2015-05-23 00:00:00+00:00,9300.708333333334
2015-05-24 00:00:00+00:00,8038.875
2015-05-25 00:00:00+00:00,8744.0
2015-05-26 00:00:00+00:00,11036.25
2015-05-27 00:00:00+00:00,11194.166666666666
2015-05-28 00:00:00+00:00,11264.333333333334
2015-05-29 00:00:00+00:00,11039.458333333334
2015-05-30 00:00:00+00:00,9123.5
2015-05-31 00:00:00+00:00,8876.5
2015-06-01 00:00:00+00:00,10896.458333333334
2015-06-02 00:00:00+00:00,11370.125
2015-06-03 00:00:00+00:00,11119.416666666666
2015-06-04 00:00:00+00:00,11145.666666666666
2015-06-05 00:00:00+00:00,11402.458333333334
2015-06-06 00:00:00+00:00,9207.25
2015-06-07 00:00:00+00:00,8265.958333333334
2015-06-08 00:00:00+00:00,10698.25
2015-06-09 00:00:00+00:00,11076.333333333334
2015-06-10 00:00:00+00:00,11070.166666666666
2015-06-11 00:00:00+00:00,11040.458333333334
2015-06-12 00:00:00+00:00,11113.791666666666
2015-06-13 00:00:00+00:00,9450.166666666666
2015-06-14 00:00:00+00:00,8869.916666666666
2015-06-15 00:00:00+00:00,10667.958333333334
2015-06-16 00:00:00+00:00,11090.208333333334
2015-06-17 00:00:00+00:00,11259.333333333334
2015-06-18 00:00:00+00:00,11195.666666666666
2015-06-19 00:00:00+00:00,10865.291666666666
2015-06-20 00:00:00+00:00,9160.583333333334
2015-06-21 00:00:00+00:00,8769.208333333334
2015-06-22 00:00:00+00:00,10848.666666666666
2015-06-23 00:00:00+00:00,11107.083333333334
2015-06-24 00:00:00+00:00,10989.083333333334
2015-06-25 00:00:00+00:00,11246.083333333334
2015-06-26 00:00:00+00:00,11081.291666666666
2015-06-27 00:00:00+00:00,9231.583333333334
2015-06-28 00:00:00+00:00,8662.958333333334
2015-06-29 00:00:00+00:00,11203.458333333334
2015-06-30 00:00:00+00:00,11504.583333333334
2015-07-01 00:00:00+00:00,12052.083333333334
2015-07-02 00:00:00+00:00,12471.375
2015-07-03 00:00:00+00:00,11921.125
2015-07-04 00:00:00+00:00,10362.125
2015-07-05 00:00:00+00:00,9238.208333333334
2015-07-06 00:00:00+00:00,11367.458333333334
2015-07-07 00:00:00+00:00,11522.875
2015-07-08 00:00:00+00:00,11270.208333333334
2015-07-09 00:00:00+00:00,11096.333333333334
2015-07-10 00:00:00+00:00,10692.291666666666
2015-07-11 00:00:00+00:00,9391.5
2015-07-12 00:00:00+00:00,8875.916666666666
2015-07-13 00:00:00+00:00,11082.583333333334
2015-07-14 00:00:00+00:00,11147.791666666666
2015-07-15 00:00:00+00:00,11210.375
2015-07-16 00:00:00+00:00,11054.125
2015-07-17 00:00:00+00:00,11072.125
2015-07-18 00:00:00+00:00,9081.833333333334
2015-07-19 00:00:00+00:00,8729.333333333334
2015-07-20 00:00:00+00:00,10804.416666666666
2015-07-21 00:00:00+00:00,10737.666666666666
2015-07-22 00:00:00+00:00,10883.625
2015-07-23 00:00:00+00:00,10555.291666666666
2015-07-24 00:00:00+00:00,10715.208333333334
2015-07-25 00:00:00+00:00,9298.375
2015-07-26 00:00:00+00:00,8141.666666666667
2015-07-27 00:00:00+00:00,10442.833333333334
2015-07-28 00:00:00+00:00,10354.5
2015-07-29 00:00:00+00:00,10304.458333333334
2015-07-30 00:00:00+00:00,10261.875
2015-07-31 00:00:00+00:00,9747.375
2015-08-01 00:00:00+00:00,8448.583333333334
2015-08-02 00:00:00+00:00,7998.375
2015-08-03 00:00:00+00:00,10195.291666666666
2015-08-04 00:00:00+00:00,10425.708333333334
2015-08-05 00:00:00+00:00,10127.625
2015-08-06 00:00:00+00:00,10472.458333333334
2015-08-07 00:00:00+00:00,10423.833333333334
2015-08-08 00:00:00+00:00,8864.666666666666
2015-08-09 00:00:00+00:00,8329.958333333334
2015-08-10 00:00:00+00:00,10821.75
2015-08-11 00:00:00+00:00,10986.666666666666
2015-08-12 00:00:00+00:00,10800.75
2015-08-13 00:00:00+00:00,10959.041666666666
2015-08-14 00:00:00+00:00,11117.458333333334
2015-08-15 00:00:00+00:00,9632.625
2015-08-16 00:00:00+00:00,8728.75
2015-08-17 00:00:00+00:00,11221.75
2015-08-18 00:00:00+00:00,11171.541666666666
2015-08-19 00:00:00+00:00,10943.375
2015-08-20 00:00:00+00:00,11109.208333333334
2015-08-21 00:00:00+00:00,11043.583333333334
2015-08-22 00:00:00+00:00,9375.625
2015-08-23 00:00:00+00:00,8987.458333333334
2015-08-24 00:00:00+00:00,11446.791666666666
2015-08-25 00:00:00+00:00,11270.791666666666
2015-08-26 00:00:00+00:00,11670.583333333334
2015-08-27 00:00:00+00:00,11557.416666666666
2015-08-28 00:00:00+00:00,11127.291666666666
2015-08-29 00:00:00+00:00,9399.208333333334
2015-08-30 00:00:00+00:00,9123.833333333334
2015-08-31 00:00:00+00:00,11980.666666666666
2015-09-01 00:00:00+00:00,11570.708333333334
2015-09-02 00:00:00+00:00,11375.208333333334
2015-09-03 00:00:00+00:00,11396.083333333334
2015-09-04 00:00:00+00:00,11274.083333333334
2015-09-05 00:00:00+00:00,9735.666666666666
2015-09-06 00:00:00+00:00,8980.291666666666
2015-09-07 00:00:00+00:00,11255.791666666666
2015-09-08 00:00:00+00:00,11235.083333333334
2015-09-09 00:00:00+00:00,11033.333333333334
2015-09-10 00:00:00+00:00,11043.166666666666
2015-09-11 00:00:00+00:00,10842.875
2015-09-12 00:00:00+00:00,9504.333333333334
2015-09-13 00:00:00+00:00,8903.041666666666
2015-09-14 00:00:00+00:00,11436.375
2015-09-15 00:00:00+00:00,11335.541666666666
2015-09-16 00:00:00+00:00,11832.958333333334
2015-09-17 00:00:00+00:00,11675.541666666666
2015-09-18 00:00:00+00:00,11341.0
2015-09-19 00:00:00+00:00,9532.958333333334
2015-09-20 00:00:00+00:00,8843.333333333334
2015-09-21 00:00:00+00:00,11144.166666666666
2015-09-22 00:00:00+00:00,11670.958333333334
2015-09-23 00:00:00+00:00,11481.791666666666
2015-09-24 00:00:00+00:00,11794.0
2015-09-25 00:00:00+00:00,11165.958333333334
2015-09-26 00:00:00+00:00,9582.916666666666
2015-09-27 00:00:00+00:00,8789.708333333334
2015-09-28 00:00:00+00:00,11397.75
2015-09-29 00:00:00+00:00,11401.666666666666
2015-09-30 00:00:00+00:00,11416.416666666666
2015-10-01 00:00:00+00:00,11287.416666666666
2015-10-02 00:00:00+00:00,11360.083333333334
2015-10-03 00:00:00+00:00,9786.833333333334
2015-10-04 00:00:00+00:00,9187.916666666666
2015-10-05 00:00:00+00:00,11637.708333333334
2015-10-06 00:00:00+00:00,12035.583333333334
2015-10-07 00:00:00+00:00,12068.458333333334
2015-10-08 00:00:00+00:00,11999.083333333334
2015-10-09 00:00:00+00:00,11686.0
2015-10-10 00:00:00+00:00,9966.458333333334
2015-10-11 00:00:00+00:00,9031.916666666666
2015-10-12 00:00:00+00:00,11749.375
2015-10-13 00:00:00+00:00,11959.125
2015-10-14 00:00:00+00:00,12479.625
2015-10-15 00:00:00+00:00,12376.875
2015-10-16 00:00:00+00:00,12331.125
2015-10-17 00:00:00+00:00,10333.666666666666
2015-10-18 00:00:00+00:00,9759.458333333334
2015-10-19 00:00:00+00:00,11817.666666666666
2015-10-20 00:00:00+00:00,12083.083333333334
2015-10-21 00:00:00+00:00,11984.5
2015-10-22 00:00:00+00:00,12231.916666666666
2015-10-23 00:00:00+00:00,11683.916666666666
2015-10-24 00:00:00+00:00,10121.291666666666
2015-10-25 00:00:00+00:00,9544.333333333334
2015-10-26 00:00:00+00:00,11728.5
2015-10-27 00:00:00+00:00,11912.625
2015-10-28 00:00:00+00:00,12188.333333333334
2015-10-29 00:00:00+00:00,11868.75
2015-10-30 00:00:00+00:00,11697.166666666666
2015-10-31 00:00:00+00:00,10258.458333333334
2015-11-01 00:00:00+00:00,9734.25
2015-11-02 00:00:00+00:00,11815.375
2015-11-03 00:00:00+00:00,12199.875
2015-11-04 00:00:00+00:00,12122.625
2015-11-05 00:00:00+00:00,12781.958333333334
2015-11-06 00:00:00+00:00,12146.708333333334
2015-11-07 00:00:00+00:00,10533.166666666666
2015-11-08 00:00:00+00:00,9842.041666666666
2015-11-09 00:00:00+00:00,12022.166666666666
2015-11-10 00:00:00+00:00,12331.416666666666
2015-11-11 00:00:00+00:00,12519.708333333334
2015-11-12 00:00:00+00:00,12380.625
2015-11-13 00:00:00+00:00,12255.458333333334
2015-11-14 00:00:00+00:00,10775.958333333334
2015-11-15 00:00:00+00:00,10204.958333333334
2015-11-16 00:00:00+00:00,12240.166666666666
2015-11-17 00:00:00+00:00,12645.75
2015-11-18 00:00:00+00:00,12544.958333333334
2015-11-19 00:00:00+00:00,12481.083333333334
2015-11-20 00:00:00+00:00,12543.5
2015-11-21 00:00:00+00:00,11034.583333333334
2015-11-22 00:00:00+00:00,10147.583333333334
2015-11-23 00:00:00+00:00,12375.583333333334
2015-11-24 00:00:00+00:00,13152.791666666666
2015-11-25 00:00:00+00:00,12928.208333333334
2015-11-26 00:00:00+00:00,12808.458333333334
2015-11-27 00:00:00+00:00,12802.916666666666
2015-11-28 00:00:00+00:00,11048.208333333334
2015-11-29 00:00:00+00:00,10303.916666666666
2015-11-30 00:00:00+00:00,12879.25
2015-12-01 00:00:00+00:00,12734.958333333334
2015-12-02 00:00:00+00:00,12827.875
2015-12-03 00:00:00+00:00,12809.375
2015-12-04 00:00:00+00:00,12356.125
2015-12-05 00:00:00+00:00,10844.791666666666
2015-12-06 00:00:00+00:00,10153.541666666666
2015-12-07 00:00:00+00:00,12643.416666666666
2015-12-08 00:00:00+00:00,12597.708333333334
2015-12-09 00:00:00+00:00,12874.25
2015-12-10 00:00:00+00:00,13140.958333333334
2015-12-11 00:00:00+00:00,13109.916666666666
2015-12-12 00:00:00+00:00,11120.083333333334
2015-12-13 00:00:00+00:00,10363.041666666666
2015-12-14 00:00:00+00:00,12649.666666666666
2015-12-15 00:00:00+00:00,12772.458333333334
2015-12-16 00:00:00+00:00,13098.75
2015-12-17 00:00:00+00:00,12770.208333333334
2015-12-18 00:00:00+00:00,12598.583333333334
2015-12-19 00:00:00+00:00,11060.166666666666
2015-12-20 00:00:00+00:00,10148.916666666666
2015-12-21 00:00:00+00:00,12406.916666666666
2015-12-22 00:00:00+00:00,12551.541666666666
2015-12-23 00:00:00+00:00,12021.583333333334
2015-12-24 00:00:00+00:00,11359.083333333334
2015-12-25 00:00:00+00:00,9706.0
2015-12-26 00:00:00+00:00,9520.708333333334
2015-12-27 00:00:00+00:00,9936.0
2015-12-28 00:00:00+00:00,11568.875
2015-12-29 00:00:00+00:00,11737.416666666666
2015-12-30 00:00:00+00:00,11634.791666666666
2015-12-31 00:00:00+00:00,10791.875
2016-01-01 00:00:00+00:00,11274.5
2016-01-02 00:00:00+00:00,12376.375
2016-01-03 00:00:00+00:00,11910.666666666666
2016-01-04 00:00:00+00:00,14284.541666666666
2016-01-05 00:00:00+00:00,14491.25
2016-01-06 00:00:00+00:00,14641.208333333334
2016-01-07 00:00:00+00:00,14729.166666666666
2016-01-08 00:00:00+00:00,14384.875
2016-01-09 00:00:00+00:00,12842.916666666666
2016-01-10 00:00:00+00:00,11970.083333333334
2016-01-11 00:00:00+00:00,14524.25
2016-01-12 00:00:00+00:00,14551.916666666666
2016-01-13 00:00:00+00:00,14719.166666666666
2016-01-14 00:00:00+00:00,14849.958333333334
2016-01-15 00:00:00+00:00,14829.541666666666
2016-01-16 00:00:00+00:00,13069.833333333334
2016-01-17 00:00:00+00:00,12277.291666666666
2016-01-18 00:00:00+00:00,14771.416666666666
2016-01-19 00:00:00+00:00,15002.125
2016-01-20 00:00:00+00:00,14928.625
2016-01-21 00:00:00+00:00,15055.041666666666
2016-01-22 00:00:00+00:00,14835.041666666666
2016-01-23 00:00:00+00:00,12799.375
2016-01-24 00:00:00+00:00,12227.625
2016-01-25 00:00:00+00:00,14036.166666666666
2016-01-26 00:00:00+00:00,14354.041666666666
2016-01-27 00:00:00+00:00,14599.083333333334
2016-01-28 00:00:00+00:00,14247.166666666666
2016-01-29 00:00:00+00:00,14476.083333333334
2016-01-30 00:00:00+00:00,13057.416666666666
2016-01-31 00:00:00+00:00,12223.208333333334
2016-02-01 00:00:00+00:00,14303.333333333334
2016-02-02 00:00:00+00:00,14305.083333333334
2016-02-03 00:00:00+00:00,14479.916666666666
2016-02-04 00:00:00+00:00,14713.5
2016-02-05 00:00:00+00:00,14338.5
2016-02-06 00:00:00+00:00,12496.833333333334
2016-02-07 00:00:00+00:00,11669.666666666666
2016-02-08 00:00:00+00:00,13878.25
2016-02-09 00:00:00+00:00,14359.5
2016-02-10 00:00:00+00:00,14553.666666666666
2016-02-11 00:00:00+00:00,14363.958333333334
2016-02-12 00:00:00+00:00,14290.583333333334
2016-02-13 00:00:00+00:00,12752.291666666666
2016-02-14 00:00:00+00:00,12456.333333333334
2016-02-15 00:00:00+00:00,14290.0
2016-02-16 00:00:00+00:00,14389.708333333334
2016-02-17 00:00:00+00:00,14564.666666666666
2016-02-18 00:00:00+00:00,14771.333333333334
2016-02-19 00:00:00+00:00,14099.166666666666
2016-02-20 00:00:00+00:00,12641.166666666666
2016-02-21 00:00:00+00:00,12011.625
2016-02-22 00:00:00+00:00,14187.958333333334
2016-02-23 00:00:00+00:00,14114.291666666666
2016-02-24 00:00:00+00:00,14094.5
2016-02-25 00:00:00+00:00,14258.166666666666
2016-02-26 00:00:00+00:00,14280.875
2016-02-27 00:00:00+00:00,12267.416666666666
2016-02-28 00:00:00+00:00,11621.291666666666
2016-02-29 00:00:00+00:00,13792.75
2016-03-01 00:00:00+00:00,14555.166666666666
2016-03-02 00:00:00+00:00,14244.625
2016-03-03 00:00:00+00:00,14249.416666666666
2016-03-04 00:00:00+00:00,14549.541666666666
2016-03-05 00:00:00+00:00,12428.083333333334
2016-03-06 00:00:00+00:00,11809.958333333334
2016-03-07 00:00:00+00:00,13888.541666666666
2016-03-08 00:00:00+00:00,14112.625
2016-03-09 00:00:00+00:00,13985.916666666666
2016-03-10 00:00:00+00:00,13839.708333333334
2016-03-11 00:00:00+00:00,13867.0
2016-03-12 00:00:00+00:00,11974.541666666666
2016-03-13 00:00:00+00:00,11283.958333333334
2016-03-14 00:00:00+00:00,13528.041666666666
2016-03-15 00:00:00+00:00,14098.708333333334
2016-03-16 00:00:00+00:00,13693.958333333334
2016-03-17 00:00:00+00:00,13522.833333333334
2016-03-18 00:00:00+00:00,14025.958333333334
2016-03-19 00:00:00+00:00,12175.416666666666
2016-03-20 00:00:00+00:00,11490.708333333334
2016-03-21 00:00:00+00:00,13791.833333333334
2016-03-22 00:00:00+00:00,13682.75
2016-03-23 00:00:00+00:00,13838.958333333334
2016-03-24 00:00:00+00:00,13968.333333333334
2016-03-25 00:00:00+00:00,13535.666666666666
2016-03-26 00:00:00+00:00,11536.833333333334
2016-03-27 00:00:00+00:00,10725.208333333334
2016-03-28 00:00:00+00:00,11199.25
2016-03-29 00:00:00+00:00,13339.5
2016-03-30 00:00:00+00:00,13301.916666666666
2016-03-31 00:00:00+00:00,13469.166666666666
2016-04-01 00:00:00+00:00,12938.5
2016-04-02 00:00:00+00:00,11457.791666666666
2016-04-03 00:00:00+00:00,10632.791666666666
2016-04-04 00:00:00+00:00,12963.208333333334
2016-04-05 00:00:00+00:00,13183.166666666666
2016-04-06 00:00:00+00:00,13340.875
2016-04-07 00:00:00+00:00,13242.5
2016-04-08 00:00:00+00:00,13084.083333333334
2016-04-09 00:00:00+00:00,11261.166666666666
2016-04-10 00:00:00+00:00,10560.458333333334
2016-04-11 00:00:00+00:00,12704.166666666666
2016-04-12 00:00:00+00:00,12906.916666666666
2016-04-13 00:00:00+00:00,12960.583333333334
2016-04-14 00:00:00+00:00,12883.791666666666
2016-04-15 00:00:00+00:00,13191.583333333334
2016-04-16 00:00:00+00:00,11393.958333333334
2016-04-17 00:00:00+00:00,10628.708333333334
2016-04-18 00:00:00+00:00,12901.583333333334
2016-04-19 00:00:00+00:00,12915.458333333334
2016-04-20 00:00:00+00:00,12844.708333333334
2016-04-21 00:00:00+00:00,12833.958333333334
2016-04-22 00:00:00+00:00,12889.791666666666
2016-04-23 00:00:00+00:00,11345.416666666666
2016-04-24 00:00:00+00:00,10858.583333333334
2016-04-25 00:00:00+00:00,13375.416666666666
2016-04-26 00:00:00+00:00,13286.458333333334
2016-04-27 00:00:00+00:00,11224.333333333334
2016-04-28 00:00:00+00:00,12925.541666666666
2016-04-29 00:00:00+00:00,12957.875
2016-04-30 00:00:00+00:00,11153.541666666666
2016-05-01 00:00:00+00:00,10370.916666666666
2016-05-02 00:00:00+00:00,12501.458333333334
2016-05-03 00:00:00+00:00,12564.166666666666
2016-05-04 00:00:00+00:00,12501.625
2016-05-05 00:00:00+00:00,10527.333333333334
2016-05-06 00:00:00+00:00,11674.875
2016-05-07 00:00:00+00:00,10900.333333333334
2016-05-08 00:00:00+00:00,10312.833333333334
2016-05-09 00:00:00+00:00,12887.625
2016-05-10 00:00:00+00:00,13239.25
2016-05-11 00:00:00+00:00,13202.875
2016-05-12 00:00:00+00:00,13153.875
2016-05-13 00:00:00+00:00,12720.125
2016-05-14 00:00:00+00:00,11150.833333333334
2016-05-15 00:00:00+00:00,10239.666666666666
2016-05-16 00:00:00+00:00,10686.375
2016-05-17 00:00:00+00:00,12725.458333333334
2016-05-18 00:00:00+00:00,13014.583333333334
2016-05-19 00:00:00+00:00,12964.458333333334
2016-05-20 00:00:00+00:00,13093.291666666666
2016-05-21 00:00:00+00:00,11287.25
2016-05-22 00:00:00+00:00,10983.0
2016-05-23 00:00:00+00:00,13250.458333333334
2016-05-24 00:00:00+00:00,12985.708333333334
2016-05-25 00:00:00+00:00,13207.041666666666
2016-05-26 00:00:00+00:00,12953.375
2016-05-27 00:00:00+00:00,12731.125
2016-05-28 00:00:00+00:00,11127.458333333334
2016-05-29 00:00:00+00:00,10759.0
2016-05-30 00:00:00+00:00,13208.0
2016-05-31 00:00:00+00:00,12899.875
2016-06-01 00:00:00+00:00,13109.291666666666
2016-06-02 00:00:00+00:00,13240.791666666666
2016-06-03 00:00:00+00:00,13045.458333333334
2016-06-04 00:00:00+00:00,11295.583333333334
2016-06-05 00:00:00+00:00,10541.416666666666
2016-06-06 00:00:00+00:00,12870.166666666666
2016-06-07 00:00:00+00:00,13119.708333333334
2016-06-08 00:00:00+00:00,12881.75
2016-06-09 00:00:00+00:00,12748.708333333334
2016-06-10 00:00:00+00:00,12703.916666666666
2016-06-11 00:00:00+00:00,11270.125
2016-06-12 00:00:00+00:00,10773.833333333334
2016-06-13 00:00:00+00:00,13127.458333333334
2016-06-14 00:00:00+00:00,13133.916666666666
2016-06-15 00:00:00+00:00,13058.625
2016-06-16 00:00:00+00:00,13006.833333333334
2016-06-17 00:00:00+00:00,12993.5
2016-06-18 00:00:00+00:00,11274.75
2016-06-19 00:00:00+00:00,10366.583333333334
2016-06-20 00:00:00+00:00,13298.625
2016-06-21 00:00:00+00:00,13306.166666666666
2016-06-22 00:00:00+00:00,13320.0
2016-06-23 00:00:00+00:00,13960.708333333334
2016-06-24 00:00:00+00:00,13426.375
2016-06-25 00:00:00+00:00,11468.416666666666
2016-06-26 00:00:00+00:00,10594.833333333334
2016-06-27 00:00:00+00:00,13066.916666666666
2016-06-28 00:00:00+00:00,13008.666666666666
2016-06-29 00:00:00+00:00,13107.208333333334
2016-06-30 00:00:00+00:00,13372.75
2016-07-01 00:00:00+00:00,13349.166666666666
2016-07-02 00:00:00+00:00,11174.583333333334
2016-07-03 00:00:00+00:00,10513.25
2016-07-04 00:00:00+00:00,12829.708333333334
2016-07-05 00:00:00+00:00,13092.875
2016-07-06 00:00:00+00:00,12744.166666666666
2016-07-07 00:00:00+00:00,12820.541666666666
2016-07-08 00:00:00+00:00,13080.0
2016-07-09 00:00:00+00:00,11262.583333333334
2016-07-10 00:00:00+00:00,10709.791666666666
2016-07-11 00:00:00+00:00,13021.333333333334
2016-07-12 00:00:00+00:00,13069.375
2016-07-13 00:00:00+00:00,12971.0
2016-07-14 00:00:00+00:00,12876.125
2016-07-15 00:00:00+00:00,12660.625
2016-07-16 00:00:00+00:00,11352.208333333334
2016-07-17 00:00:00+00:00,10554.875
2016-07-18 00:00:00+00:00,12924.333333333334
2016-07-19 00:00:00+00:00,13395.25
2016-07-20 00:00:00+00:00,13686.583333333334
2016-07-21 00:00:00+00:00,13589.833333333334
2016-07-22 00:00:00+00:00,13371.5
2016-07-23 00:00:00+00:00,11433.0
2016-07-24 00:00:00+00:00,10788.041666666666
2016-07-25 00:00:00+00:00,12951.375
2016-07-26 00:00:00+00:00,12841.666666666666
2016-07-27 00:00:00+00:00,12884.375
2016-07-28 00:00:00+00:00,12913.416666666666
2016-07-29 00:00:00+00:00,12573.25
2016-07-30 00:00:00+00:00,10970.166666666666
2016-07-31 00:00:00+00:00,10248.208333333334
2016-08-01 00:00:00+00:00,12072.208333333334
2016-08-02 00:00:00+00:00,12450.125
2016-08-03 00:00:00+00:00,12624.166666666666
2016-08-04 00:00:00+00:00,12296.875
2016-08-05 00:00:00+00:00,12041.166666666666
2016-08-06 00:00:00+00:00,10690.125
2016-08-07 00:00:00+00:00,10358.625
2016-08-08 00:00:00+00:00,12034.0
2016-08-09 00:00:00+00:00,11917.083333333334
2016-08-10 00:00:00+00:00,11765.625
2016-08-11 00:00:00+00:00,12240.833333333334
2016-08-12 00:00:00+00:00,12198.75
2016-08-13 00:00:00+00:00,10831.0
2016-08-14 00:00:00+00:00,10116.666666666666
2016-08-15 00:00:00+00:00,11965.0
2016-08-16 00:00:00+00:00,12160.375
2016-08-17 00:00:00+00:00,12191.666666666666
2016-08-18 00:00:00+00:00,12369.458333333334
2016-08-19 00:00:00+00:00,12617.083333333334
2016-08-20 00:00:00+00:00,10934.875
2016-08-21 00:00:00+00:00,10580.708333333334
2016-08-22 00:00:00+00:00,12805.541666666666
2016-08-23 00:00:00+00:00,12987.416666666666
2016-08-24 00:00:00+00:00,13360.375
2016-08-25 00:00:00+00:00,13719.958333333334
2016-08-26 00:00:00+00:00,13492.083333333334
2016-08-27 00:00:00+00:00,11570.375
2016-08-28 00:00:00+00:00,11065.125
2016-08-29 00:00:00+00:00,13155.916666666666
2016-08-30 00:00:00+00:00,13061.375
2016-08-31 00:00:00+00:00,13111.291666666666
2016-09-01 00:00:00+00:00,13301.708333333334
2016-09-02 00:00:00+00:00,13073.125
2016-09-03 00:00:00+00:00,11380.916666666666
2016-09-04 00:00:00+00:00,10923.541666666666
2016-09-05 00:00:00+00:00,13065.791666666666
2016-09-06 00:00:00+00:00,13468.458333333334
2016-09-07 00:00:00+00:00,13410.375
2016-09-08 00:00:00+00:00,13607.791666666666
2016-09-09 00:00:00+00:00,13224.208333333334
2016-09-10 00:00:00+00:00,11387.0
2016-09-11 00:00:00+00:00,10992.375
2016-09-12 00:00:00+00:00,13582.291666666666
2016-09-13 00:00:00+00:00,14035.125
2016-09-14 00:00:00+00:00,14006.583333333334
2016-09-15 00:00:00+00:00,13932.833333333334
2016-09-16 00:00:00+00:00,13431.416666666666
2016-09-17 00:00:00+00:00,11624.5
2016-09-18 00:00:00+00:00,10830.333333333334
2016-09-19 00:00:00+00:00,13224.666666666666
2016-09-20 00:00:00+00:00,13237.583333333334
2016-09-21 00:00:00+00:00,13262.958333333334
2016-09-22 00:00:00+00:00,13273.75
2016-09-23 00:00:00+00:00,13004.875
2016-09-24 00:00:00+00:00,11276.5
2016-09-25 00:00:00+00:00,10794.291666666666
2016-09-26 00:00:00+00:00,13113.625
2016-09-27 00:00:00+00:00,13118.416666666666
2016-09-28 00:00:00+00:00,13430.666666666666
2016-09-29 00:00:00+00:00,13680.083333333334
2016-09-30 00:00:00+00:00,13098.625
2016-10-01 00:00:00+00:00,11475.666666666666
2016-10-02 00:00:00+00:00,10953.791666666666
2016-10-03 00:00:00+00:00,13141.541666666666
2016-10-04 00:00:00+00:00,13218.75
2016-10-05 00:00:00+00:00,12958.541666666666
2016-10-06 00:00:00+00:00,13452.375
2016-10-07 00:00:00+00:00,13425.666666666666
2016-10-08 00:00:00+00:00,11643.458333333334
2016-10-09 00:00:00+00:00,11048.75
2016-10-10 00:00:00+00:00,13384.333333333334
2016-10-11 00:00:00+00:00,13531.708333333334
2016-10-12 00:00:00+00:00,13706.208333333334
2016-10-13 00:00:00+00:00,13682.458333333334
2016-10-14 00:00:00+00:00,13543.875
2016-10-15 00:00:00+00:00,12063.291666666666
2016-10-16 00:00:00+00:00,11009.333333333334
2016-10-17 00:00:00+00:00,13467.916666666666
2016-10-18 00:00:00+00:00,13839.125
2016-10-19 00:00:00+00:00,13854.708333333334
2016-10-20 00:00:00+00:00,13989.958333333334
2016-10-21 00:00:00+00:00,13712.458333333334
2016-10-22 00:00:00+00:00,12048.25
2016-10-23 00:00:00+00:00,11324.833333333334
2016-10-24 00:00:00+00:00,13931.041666666666
2016-10-25 00:00:00+00:00,14062.041666666666
2016-10-26 00:00:00+00:00,13942.125
2016-10-27 00:00:00+00:00,14028.916666666666
2016-10-28 00:00:00+00:00,14047.416666666666
2016-10-29 00:00:00+00:00,12021.75
2016-10-30 00:00:00+00:00,11453.0
2016-10-31 00:00:00+00:00,13616.291666666666
2016-11-01 00:00:00+00:00,14019.791666666666
2016-11-02 00:00:00+00:00,13950.666666666666
2016-11-03 00:00:00+00:00,14093.166666666666
2016-11-04 00:00:00+00:00,14106.625
2016-11-05 00:00:00+00:00,12392.166666666666
2016-11-06 00:00:00+00:00,11801.791666666666
2016-11-07 00:00:00+00:00,14338.708333333334
2016-11-08 00:00:00+00:00,14494.75
2016-11-09 00:00:00+00:00,14709.0
2016-11-10 00:00:00+00:00,14569.25
2016-11-11 00:00:00+00:00,14299.625
2016-11-12 00:00:00+00:00,12785.0
2016-11-13 00:00:00+00:00,12189.916666666666
2016-11-14 00:00:00+00:00,14591.625
2016-11-15 00:00:00+00:00,14566.75
2016-11-16 00:00:00+00:00,14438.208333333334
2016-11-17 00:00:00+00:00,14481.75
2016-11-18 00:00:00+00:00,14482.416666666666
2016-11-19 00:00:00+00:00,12678.625
2016-11-20 00:00:00+00:00,12134.208333333334
2016-11-21 00:00:00+00:00,14233.458333333334
2016-11-22 00:00:00+00:00,14228.666666666666
2016-11-23 00:00:00+00:00,14422.333333333334
2016-11-24 00:00:00+00:00,14395.625
2016-11-25 00:00:00+00:00,14296.333333333334
2016-11-26 00:00:00+00:00,12916.666666666666
2016-11-27 00:00:00+00:00,12059.375
2016-11-28 00:00:00+00:00,14404.708333333334
2016-11-29 00:00:00+00:00,14762.791666666666
2016-11-30 00:00:00+00:00,14863.625
2016-12-01 00:00:00+00:00,14727.458333333334
2016-12-02 00:00:00+00:00,14447.208333333334
2016-12-03 00:00:00+00:00,12890.041666666666
2016-12-04 00:00:00+00:00,12310.875
2016-12-05 00:00:00+00:00,14685.541666666666
2016-12-06 00:00:00+00:00,14977.958333333334
2016-12-07 00:00:00+00:00,14985.458333333334
2016-12-08 00:00:00+00:00,14860.25
2016-12-09 00:00:00+00:00,14715.416666666666
2016-12-10 00:00:00+00:00,13133.958333333334
2016-12-11 00:00:00+00:00,12395.0
2016-12-12 00:00:00+00:00,14798.375
2016-12-13 00:00:00+00:00,14944.375
2016-12-14 00:00:00+00:00,14850.416666666666
2016-12-15 00:00:00+00:00,15033.708333333334
2016-12-16 00:00:00+00:00,14733.583333333334
2016-12-17 00:00:00+00:00,13266.166666666666
2016-12-18 00:00:00+00:00,12478.708333333334
2016-12-19 00:00:00+00:00,14746.75
2016-12-20 00:00:00+00:00,15142.291666666666
2016-12-21 00:00:00+00:00,15142.041666666666
2016-12-22 00:00:00+00:00,14853.0
2016-12-23 00:00:00+00:00,14370.458333333334
2016-12-24 00:00:00+00:00,12651.375
2016-12-25 00:00:00+00:00,11627.916666666666
2016-12-26 00:00:00+00:00,11723.5
2016-12-27 00:00:00+00:00,13397.166666666666
2016-12-28 00:00:00+00:00,13827.291666666666
2016-12-29 00:00:00+00:00,13911.875
2016-12-30 00:00:00+00:00,13764.75
2016-12-31 00:00:00+00:00,12682.0
2017-01-01 00:00:00+00:00,11723.291666666666
2017-01-02 00:00:00+00:00,13982.25
2017-01-03 00:00:00+00:00,14515.458333333334
2017-01-04 00:00:00+00:00,14491.458333333334
2017-01-05 00:00:00+00:00,14488.083333333334
2017-01-06 00:00:00+00:00,14592.458333333334
2017-01-07 00:00:00+00:00,13385.625
2017-01-08 00:00:00+00:00,12358.041666666666
2017-01-09 00:00:00+00:00,14718.625
2017-01-10 00:00:00+00:00,14736.833333333334
2017-01-11 00:00:00+00:00,14837.375
2017-01-12 00:00:00+00:00,14847.5
2017-01-13 00:00:00+00:00,15012.375
2017-01-14 00:00:00+00:00,13312.125
2017-01-15 00:00:00+00:00,12508.416666666666
2017-01-16 00:00:00+00:00,14844.041666666666
2017-01-17 00:00:00+00:00,15124.666666666666
2017-01-18 00:00:00+00:00,15374.666666666666
2017-01-19 00:00:00+00:00,15027.791666666666
2017-01-20 00:00:00+00:00,14897.958333333334
2017-01-21 00:00:00+00:00,13169.125
2017-01-22 00:00:00+00:00,12511.5
2017-01-23 00:00:00+00:00,15072.458333333334
2017-01-24 00:00:00+00:00,15110.166666666666
2017-01-25 00:00:00+00:00,15236.375
2017-01-26 00:00:00+00:00,15137.708333333334
2017-01-27 00:00:00+00:00,14845.458333333334
2017-01-28 00:00:00+00:00,12943.083333333334
2017-01-29 00:00:00+00:00,12312.958333333334
2017-01-30 00:00:00+00:00,14821.333333333334
2017-01-31 00:00:00+00:00,14795.833333333334
2017-02-01 00:00:00+00:00,14900.166666666666
2017-02-02 00:00:00+00:00,14467.75
2017-02-03 00:00:00+00:00,14318.333333333334
2017-02-04 00:00:00+00:00,12862.25
2017-02-05 00:00:00+00:00,12163.5
2017-02-06 00:00:00+00:00,14624.833333333334
2017-02-07 00:00:00+00:00,14953.583333333334
2017-02-08 00:00:00+00:00,15076.5
2017-02-09 00:00:00+00:00,15276.208333333334
2017-02-10 00:00:00+00:00,15342.875
2017-02-11 00:00:00+00:00,13544.833333333334
2017-02-12 00:00:00+00:00,12625.458333333334
2017-02-13 00:00:00+00:00,14559.875
2017-02-14 00:00:00+00:00,14526.166666666666
2017-02-15 00:00:00+00:00,14395.875
2017-02-16 00:00:00+00:00,14652.75
2017-02-17 00:00:00+00:00,14498.125
2017-02-18 00:00:00+00:00,12693.958333333334
2017-02-19 00:00:00+00:00,11889.833333333334
2017-02-20 00:00:00+00:00,14318.125
2017-02-21 00:00:00+00:00,14096.625
2017-02-22 00:00:00+00:00,14565.333333333334
2017-02-23 00:00:00+00:00,14558.25
2017-02-24 00:00:00+00:00,13963.5
2017-02-25 00:00:00+00:00,12668.083333333334
2017-02-26 00:00:00+00:00,11880.125
2017-02-27 00:00:00+00:00,14009.916666666666
2017-02-28 00:00:00+00:00,14280.0
2017-03-01 00:00:00+00:00,14183.458333333334
2017-03-02 00:00:00+00:00,14381.541666666666
2017-03-03 00:00:00+00:00,14172.583333333334
2017-03-04 00:00:00+00:00,12464.666666666666
2017-03-05 00:00:00+00:00,11770.25
2017-03-06 00:00:00+00:00,14069.958333333334
2017-03-07 00:00:00+00:00,14191.916666666666
2017-03-08 00:00:00+00:00,14673.958333333334
2017-03-09 00:00:00+00:00,14144.291666666666
2017-03-10 00:00:00+00:00,13570.083333333334
2017-03-11 00:00:00+00:00,12001.875
2017-03-12 00:00:00+00:00,11075.083333333334
2017-03-13 00:00:00+00:00,13428.708333333334
2017-03-14 00:00:00+00:00,13631.291666666666
2017-03-15 00:00:00+00:00,13341.75
2017-03-16 00:00:00+00:00,13190.5
2017-03-17 00:00:00+00:00,13344.541666666666
2017-03-18 00:00:00+00:00,12097.416666666666
2017-03-19 00:00:00+00:00,11290.208333333334
2017-03-20 00:00:00+00:00,13640.875
2017-03-21 00:00:00+00:00,13222.458333333334
2017-03-22 00:00:00+00:00,13186.5
2017-03-23 00:00:00+00:00,13096.458333333334
2017-03-24 00:00:00+00:00,12773.5
2017-03-25 00:00:00+00:00,11092.708333333334
2017-03-26 00:00:00+00:00,10532.625
2017-03-27 00:00:00+00:00,12557.458333333334
2017-03-28 00:00:00+00:00,12659.291666666666
2017-03-29 00:00:00+00:00,13212.708333333334
2017-03-30 00:00:00+00:00,12793.458333333334
2017-03-31 00:00:00+00:00,12642.25
2017-04-01 00:00:00+00:00,11302.333333333334
2017-04-02 00:00:00+00:00,10328.083333333334
2017-04-03 00:00:00+00:00,12723.958333333334
2017-04-04 00:00:00+00:00,12655.625
2017-04-05 00:00:00+00:00,12928.916666666666
2017-04-06 00:00:00+00:00,13132.458333333334
2017-04-07 00:00:00+00:00,12939.416666666666
2017-04-08 00:00:00+00:00,11140.916666666666
2017-04-09 00:00:00+00:00,10224.625
2017-04-10 00:00:00+00:00,12810.958333333334
2017-04-11 00:00:00+00:00,12845.25
2017-04-12 00:00:00+00:00,13287.416666666666
2017-04-13 00:00:00+00:00,12977.666666666666
2017-04-14 00:00:00+00:00,12833.625
2017-04-15 00:00:00+00:00,11276.375
2017-04-16 00:00:00+00:00,10372.875
2017-04-17 00:00:00+00:00,10748.458333333334
2017-04-18 00:00:00+00:00,12926.916666666666
2017-04-19 00:00:00+00:00,13000.333333333334
2017-04-20 00:00:00+00:00,12790.875
2017-04-21 00:00:00+00:00,12935.041666666666
2017-04-22 00:00:00+00:00,11261.916666666666
2017-04-23 00:00:00+00:00,10597.916666666666
2017-04-24 00:00:00+00:00,12887.208333333334
2017-04-25 00:00:00+00:00,12788.791666666666
2017-04-26 00:00:00+00:00,12787.875
2017-04-27 00:00:00+00:00,11014.541666666666
2017-04-28 00:00:00+00:00,12266.5
2017-04-29 00:00:00+00:00,11116.416666666666
2017-04-30 00:00:00+00:00,10318.208333333334
2017-05-01 00:00:00+00:00,12977.666666666666
2017-05-02 00:00:00+00:00,13176.583333333334
2017-05-03 00:00:00+00:00,13220.0
2017-05-04 00:00:00+00:00,13037.0
2017-05-05 00:00:00+00:00,13173.5
2017-05-06 00:00:00+00:00,10946.75
2017-05-07 00:00:00+00:00,10568.458333333334
2017-05-08 00:00:00+00:00,12903.125
2017-05-09 00:00:00+00:00,12798.75
2017-05-10 00:00:00+00:00,12782.541666666666
2017-05-11 00:00:00+00:00,12788.458333333334
2017-05-12 00:00:00+00:00,13001.458333333334
2017-05-13 00:00:00+00:00,11293.333333333334
2017-05-14 00:00:00+00:00,10383.708333333334
2017-05-15 00:00:00+00:00,12426.458333333334
2017-05-16 00:00:00+00:00,13024.791666666666
2017-05-17 00:00:00+00:00,13151.916666666666
2017-05-18 00:00:00+00:00,13244.541666666666
2017-05-19 00:00:00+00:00,12931.291666666666
2017-05-20 00:00:00+00:00,10840.208333333334
2017-05-21 00:00:00+00:00,10267.875
2017-05-22 00:00:00+00:00,12648.291666666666
2017-05-23 00:00:00+00:00,12826.083333333334
2017-05-24 00:00:00+00:00,12775.916666666666
2017-05-25 00:00:00+00:00,10724.916666666666
2017-05-26 00:00:00+00:00,11901.916666666666
2017-05-27 00:00:00+00:00,11197.666666666666
2017-05-28 00:00:00+00:00,10692.916666666666
2017-05-29 00:00:00+00:00,13309.083333333334
2017-05-30 00:00:00+00:00,13397.666666666666
2017-05-31 00:00:00+00:00,13028.458333333334
2017-06-01 00:00:00+00:00,13020.166666666666
2017-06-02 00:00:00+00:00,13150.208333333334
2017-06-03 00:00:00+00:00,11488.375
2017-06-04 00:00:00+00:00,10163.458333333334
2017-06-05 00:00:00+00:00,10545.416666666666
2017-06-06 00:00:00+00:00,12859.791666666666
2017-06-07 00:00:00+00:00,13008.708333333334
2017-06-08 00:00:00+00:00,13025.125
2017-06-09 00:00:00+00:00,13037.625
2017-06-10 00:00:00+00:00,11028.25
2017-06-11 00:00:00+00:00,10646.583333333334
2017-06-12 00:00:00+00:00,12936.083333333334
2017-06-13 00:00:00+00:00,12891.291666666666
2017-06-14 00:00:00+00:00,12928.5
2017-06-15 00:00:00+00:00,13267.666666666666
2017-06-16 00:00:00+00:00,12963.75
2017-06-17 00:00:00+00:00,11394.333333333334
2017-06-18 00:00:00+00:00,10709.666666666666
2017-06-19 00:00:00+00:00,13462.916666666666
2017-06-20 00:00:00+00:00,13521.166666666666
2017-06-21 00:00:00+00:00,13353.458333333334
2017-06-22 00:00:00+00:00,13908.0
2017-06-23 00:00:00+00:00,13230.666666666666
2017-06-24 00:00:00+00:00,11607.5
2017-06-25 00:00:00+00:00,10899.5
2017-06-26 00:00:00+00:00,12722.083333333334
2017-06-27 00:00:00+00:00,13025.291666666666
2017-06-28 00:00:00+00:00,13606.541666666666
2017-06-29 00:00:00+00:00,13310.041666666666
2017-06-30 00:00:00+00:00,13089.416666666666
2017-07-01 00:00:00+00:00,11608.916666666666
2017-07-02 00:00:00+00:00,10705.5
2017-07-03 00:00:00+00:00,12886.625
2017-07-04 00:00:00+00:00,13122.916666666666
2017-07-05 00:00:00+00:00,13288.5
2017-07-06 00:00:00+00:00,13583.583333333334
2017-07-07 00:00:00+00:00,13570.041666666666
2017-07-08 00:00:00+00:00,11592.125
2017-07-09 00:00:00+00:00,10502.166666666666
2017-07-10 00:00:00+00:00,13217.708333333334
2017-07-11 00:00:00+00:00,13258.625
2017-07-12 00:00:00+00:00,13386.666666666666
2017-07-13 00:00:00+00:00,12932.458333333334
2017-07-14 00:00:00+00:00,12894.5
2017-07-15 00:00:00+00:00,11141.291666666666
2017-07-16 00:00:00+00:00,10920.458333333334
2017-07-17 00:00:00+00:00,12707.125
2017-07-18 00:00:00+00:00,13001.166666666666
2017-07-19 00:00:00+00:00,13609.5
2017-07-20 00:00:00+00:00,13604.833333333334
2017-07-21 00:00:00+00:00,12648.416666666666
2017-07-22 00:00:00+00:00,11231.291666666666
2017-07-23 00:00:00+00:00,10483.958333333334
2017-07-24 00:00:00+00:00,12525.916666666666
2017-07-25 00:00:00+00:00,12683.083333333334
2017-07-26 00:00:00+00:00,12550.0
2017-07-27 00:00:00+00:00,12648.708333333334
2017-07-28 00:00:00+00:00,12455.125
2017-07-29 00:00:00+00:00,11205.041666666666
2017-07-30 00:00:00+00:00,10458.916666666666
2017-07-31 00:00:00+00:00,12062.291666666666
2017-08-01 00:00:00+00:00,12360.375
2017-08-02 00:00:00+00:00,12331.75
2017-08-03 00:00:00+00:00,12342.416666666666
2017-08-04 00:00:00+00:00,12048.833333333334
2017-08-05 00:00:00+00:00,10689.791666666666
2017-08-06 00:00:00+00:00,9894.875
2017-08-07 00:00:00+00:00,11706.208333333334
2017-08-08 00:00:00+00:00,12378.375
2017-08-09 00:00:00+00:00,11951.041666666666
2017-08-10 00:00:00+00:00,12283.625
2017-08-11 00:00:00+00:00,11936.666666666666
2017-08-12 00:00:00+00:00,10826.625
2017-08-13 00:00:00+00:00,9947.5
2017-08-14 00:00:00+00:00,11995.583333333334
2017-08-15 00:00:00+00:00,12630.791666666666
2017-08-16 00:00:00+00:00,12437.541666666666
2017-08-17 00:00:00+00:00,12863.833333333334
2017-08-18 00:00:00+00:00,12484.333333333334
2017-08-19 00:00:00+00:00,10822.958333333334
2017-08-20 00:00:00+00:00,10286.958333333334
2017-08-21 00:00:00+00:00,12376.791666666666
2017-08-22 00:00:00+00:00,12526.75
2017-08-23 00:00:00+00:00,12606.0
2017-08-24 00:00:00+00:00,12894.208333333334
2017-08-25 00:00:00+00:00,12677.375
2017-08-26 00:00:00+00:00,11261.666666666666
2017-08-27 00:00:00+00:00,10630.0
2017-08-28 00:00:00+00:00,13177.0
2017-08-29 00:00:00+00:00,13551.833333333334
2017-08-30 00:00:00+00:00,13958.041666666666
2017-08-31 00:00:00+00:00,13026.291666666666
2017-09-01 00:00:00+00:00,12782.75
2017-09-02 00:00:00+00:00,11102.666666666666
2017-09-03 00:00:00+00:00,10533.333333333334
2017-09-04 00:00:00+00:00,12999.708333333334
2017-09-05 00:00:00+00:00,13555.833333333334
2017-09-06 00:00:00+00:00,13307.333333333334
2017-09-07 00:00:00+00:00,13241.75
2017-09-08 00:00:00+00:00,13562.833333333334
2017-09-09 00:00:00+00:00,11526.541666666666
2017-09-10 00:00:00+00:00,10654.833333333334
2017-09-11 00:00:00+00:00,12943.166666666666
2017-09-12 00:00:00+00:00,12858.708333333334
2017-09-13 00:00:00+00:00,13105.208333333334
2017-09-14 00:00:00+00:00,13505.5
2017-09-15 00:00:00+00:00,13008.916666666666
2017-09-16 00:00:00+00:00,11702.125
2017-09-17 00:00:00+00:00,10867.208333333334
2017-09-18 00:00:00+00:00,13270.125
2017-09-19 00:00:00+00:00,13247.75
2017-09-20 00:00:00+00:00,13272.875
2017-09-21 00:00:00+00:00,13089.458333333334
2017-09-22 00:00:00+00:00,13197.208333333334
2017-09-23 00:00:00+00:00,11321.666666666666
2017-09-24 00:00:00+00:00,10717.25
2017-09-25 00:00:00+00:00,13204.375
2017-09-26 00:00:00+00:00,13380.208333333334
2017-09-27 00:00:00+00:00,13299.416666666666
2017-09-28 00:00:00+00:00,13703.541666666666
2017-09-29 00:00:00+00:00,13529.5
2017-09-30 00:00:00+00:00,12006.083333333334
2017-10-01 00:00:00+00:00,11031.666666666666
2017-10-02 00:00:00+00:00,13391.0
2017-10-03 00:00:00+00:00,13272.958333333334
2017-10-04 00:00:00+00:00,13464.166666666666
2017-10-05 00:00:00+00:00,13516.75
2017-10-06 00:00:00+00:00,13230.583333333334
2017-10-07 00:00:00+00:00,12081.791666666666
2017-10-08 00:00:00+00:00,11152.375
2017-10-09 00:00:00+00:00,13581.458333333334
2017-10-10 00:00:00+00:00,13709.541666666666
2017-10-11 00:00:00+00:00,13757.416666666666
2017-10-12 00:00:00+00:00,13464.291666666666
2017-10-13 00:00:00+00:00,13537.791666666666
2017-10-14 00:00:00+00:00,11675.583333333334
2017-10-15 00:00:00+00:00,10873.333333333334
2017-10-16 00:00:00+00:00,13327.166666666666
2017-10-17 00:00:00+00:00,13576.75
2017-10-18 00:00:00+00:00,13420.791666666666
2017-10-19 00:00:00+00:00,13575.458333333334
2017-10-20 00:00:00+00:00,13647.708333333334
2017-10-21 00:00:00+00:00,11845.208333333334
2017-10-22 00:00:00+00:00,11425.541666666666
2017-10-23 00:00:00+00:00,13574.416666666666
2017-10-24 00:00:00+00:00,13979.25
2017-10-25 00:00:00+00:00,13955.208333333334
2017-10-26 00:00:00+00:00,13961.541666666666
2017-10-27 00:00:00+00:00,13606.125
2017-10-28 00:00:00+00:00,12432.25
2017-10-29 00:00:00+00:00,11505.25
2017-10-30 00:00:00+00:00,13703.625
2017-10-31 00:00:00+00:00,14061.666666666666
2017-11-01 00:00:00+00:00,13923.875
2017-11-02 00:00:00+00:00,13967.625
2017-11-03 00:00:00+00:00,14055.75
2017-11-04 00:00:00+00:00,12302.75
2017-11-05 00:00:00+00:00,11695.291666666666
2017-11-06 00:00:00+00:00,13932.791666666666
2017-11-07 00:00:00+00:00,14194.0
2017-11-08 00:00:00+00:00,14549.166666666666
2017-11-09 00:00:00+00:00,14337.625
2017-11-10 00:00:00+00:00,14164.833333333334
2017-11-11 00:00:00+00:00,12621.666666666666
2017-11-12 00:00:00+00:00,12048.416666666666
2017-11-13 00:00:00+00:00,14088.666666666666
2017-11-14 00:00:00+00:00,14428.458333333334
2017-11-15 00:00:00+00:00,14475.958333333334
2017-11-16 00:00:00+00:00,14532.75
2017-11-17 00:00:00+00:00,14236.875
2017-11-18 00:00:00+00:00,12844.041666666666
2017-11-19 00:00:00+00:00,12010.458333333334
2017-11-20 00:00:00+00:00,14558.958333333334
2017-11-21 00:00:00+00:00,14518.25
2017-11-22 00:00:00+00:00,14222.208333333334
2017-11-23 00:00:00+00:00,14433.75
2017-11-24 00:00:00+00:00,14423.333333333334
2017-11-25 00:00:00+00:00,13001.666666666666
2017-11-26 00:00:00+00:00,12360.75
2017-11-27 00:00:00+00:00,14875.583333333334
2017-11-28 00:00:00+00:00,14811.666666666666
2017-11-29 00:00:00+00:00,14848.041666666666
2017-11-30 00:00:00+00:00,15024.5
2017-12-01 00:00:00+00:00,14890.583333333334
2017-12-02 00:00:00+00:00,13451.416666666666
2017-12-03 00:00:00+00:00,12639.458333333334
2017-12-04 00:00:00+00:00,14720.5
2017-12-05 00:00:00+00:00,14833.833333333334
2017-12-06 00:00:00+00:00,14945.875
2017-12-07 00:00:00+00:00,15184.916666666666
2017-12-08 00:00:00+00:00,15193.041666666666
2017-12-09 00:00:00+00:00,13608.666666666666
2017-12-10 00:00:00+00:00,13074.25
2017-12-11 00:00:00+00:00,15455.791666666666
2017-12-12 00:00:00+00:00,15469.291666666666
2017-12-13 00:00:00+00:00,15702.25
2017-12-14 00:00:00+00:00,15561.083333333334
2017-12-15 00:00:00+00:00,15359.125
2017-12-16 00:00:00+00:00,13594.75
2017-12-17 00:00:00+00:00,12874.416666666666
2017-12-18 00:00:00+00:00,15151.416666666666
2017-12-19 00:00:00+00:00,15216.708333333334
2017-12-20 00:00:00+00:00,15168.5
2017-12-21 00:00:00+00:00,15059.541666666666
2017-12-22 00:00:00+00:00,14585.791666666666
2017-12-23 00:00:00+00:00,13250.5
2017-12-24 00:00:00+00:00,12387.0
2017-12-25 00:00:00+00:00,11976.416666666666
2017-12-26 00:00:00+00:00,12062.25
2017-12-27 00:00:00+00:00,13792.875
2017-12-28 00:00:00+00:00,13836.958333333334
2017-12-29 00:00:00+00:00,14003.083333333334
2017-12-30 00:00:00+00:00,12921.125
2017-12-31 00:00:00+00:00,12089.083333333334
2018-01-01 00:00:00+00:00,11692.25
2018-01-02 00:00:00+00:00,14106.333333333334
2018-01-03 00:00:00+00:00,14755.0
2018-01-04 00:00:00+00:00,14686.291666666666
2018-01-05 00:00:00+00:00,14471.375
2018-01-06 00:00:00+00:00,13125.75
2018-01-07 00:00:00+00:00,12527.208333333334
2018-01-08 00:00:00+00:00,14970.916666666666
2018-01-09 00:00:00+00:00,15078.875
2018-01-10 00:00:00+00:00,14945.916666666666
2018-01-11 00:00:00+00:00,14875.041666666666
2018-01-12 00:00:00+00:00,14902.0
2018-01-13 00:00:00+00:00,13275.5
2018-01-14 00:00:00+00:00,12492.291666666666
2018-01-15 00:00:00+00:00,15089.666666666666
2018-01-16 00:00:00+00:00,15009.125
2018-01-17 00:00:00+00:00,15118.25
2018-01-18 00:00:00+00:00,14974.041666666666
2018-01-19 00:00:00+00:00,14773.75
2018-01-20 00:00:00+00:00,13433.0
2018-01-21 00:00:00+00:00,12559.291666666666
2018-01-22 00:00:00+00:00,14721.0
2018-01-23 00:00:00+00:00,14820.083333333334
2018-01-24 00:00:00+00:00,14782.916666666666
2018-01-25 00:00:00+00:00,14882.125
2018-01-26 00:00:00+00:00,14794.375
2018-01-27 00:00:00+00:00,13203.333333333334
2018-01-28 00:00:00+00:00,12404.458333333334
2018-01-29 00:00:00+00:00,14776.083333333334
2018-01-30 00:00:00+00:00,14760.416666666666
2018-01-31 00:00:00+00:00,15084.0
2018-02-01 00:00:00+00:00,14947.708333333334
2018-02-02 00:00:00+00:00,14787.708333333334
2018-02-03 00:00:00+00:00,13363.041666666666
2018-02-04 00:00:00+00:00,12618.875
2018-02-05 00:00:00+00:00,14799.291666666666
2018-02-06 00:00:00+00:00,14916.416666666666
2018-02-07 00:00:00+00:00,14821.625
2018-02-08 00:00:00+00:00,14929.208333333334
2018-02-09 00:00:00+00:00,15085.0
2018-02-10 00:00:00+00:00,13171.916666666666
2018-02-11 00:00:00+00:00,12460.0
2018-02-12 00:00:00+00:00,14304.291666666666
2018-02-13 00:00:00+00:00,14335.083333333334
2018-02-14 00:00:00+00:00,14554.666666666666
2018-02-15 00:00:00+00:00,15038.833333333334
2018-02-16 00:00:00+00:00,14247.0
2018-02-17 00:00:00+00:00,12792.125
2018-02-18 00:00:00+00:00,11993.541666666666
2018-02-19 00:00:00+00:00,14759.25
2018-02-20 00:00:00+00:00,14799.0
2018-02-21 00:00:00+00:00,14483.25
2018-02-22 00:00:00+00:00,14461.125
2018-02-23 00:00:00+00:00,14394.541666666666
2018-02-24 00:00:00+00:00,12854.208333333334
2018-02-25 00:00:00+00:00,12141.208333333334
2018-02-26 00:00:00+00:00,14584.958333333334
2018-02-27 00:00:00+00:00,14738.041666666666
2018-02-28 00:00:00+00:00,15043.708333333334
2018-03-01 00:00:00+00:00,15205.791666666666
2018-03-02 00:00:00+00:00,15051.958333333334
2018-03-03 00:00:00+00:00,13322.083333333334
2018-03-04 00:00:00+00:00,12069.75
2018-03-05 00:00:00+00:00,13832.208333333334
2018-03-06 00:00:00+00:00,14096.083333333334
2018-03-07 00:00:00+00:00,14300.125
2018-03-08 00:00:00+00:00,14519.5
2018-03-09 00:00:00+00:00,13962.0
2018-03-10 00:00:00+00:00,12349.458333333334
2018-03-11 00:00:00+00:00,11726.0
2018-03-12 00:00:00+00:00,13617.125
2018-03-13 00:00:00+00:00,14347.833333333334
2018-03-14 00:00:00+00:00,13724.291666666666
2018-03-15 00:00:00+00:00,14003.791666666666
2018-03-16 00:00:00+00:00,14622.416666666666
2018-03-17 00:00:00+00:00,13307.708333333334
2018-03-18 00:00:00+00:00,12293.25
2018-03-19 00:00:00+00:00,13975.0
2018-03-20 00:00:00+00:00,13876.291666666666
2018-03-21 00:00:00+00:00,14065.041666666666
2018-03-22 00:00:00+00:00,14273.666666666666
2018-03-23 00:00:00+00:00,14082.125
2018-03-24 00:00:00+00:00,12150.708333333334
2018-03-25 00:00:00+00:00,11404.791666666666
2018-03-26 00:00:00+00:00,13506.5
2018-03-27 00:00:00+00:00,13893.333333333334
2018-03-28 00:00:00+00:00,14333.458333333334
2018-03-29 00:00:00+00:00,13582.75
2018-03-30 00:00:00+00:00,13112.666666666666
2018-03-31 00:00:00+00:00,11675.125
2018-04-01 00:00:00+00:00,11113.375
2018-04-02 00:00:00+00:00,11425.666666666666
2018-04-03 00:00:00+00:00,13118.375
2018-04-04 00:00:00+00:00,13456.041666666666
2018-04-05 00:00:00+00:00,13456.125
2018-04-06 00:00:00+00:00,12775.041666666666
2018-04-07 00:00:00+00:00,11117.041666666666
2018-04-08 00:00:00+00:00,10616.416666666666
2018-04-09 00:00:00+00:00,13005.291666666666
2018-04-10 00:00:00+00:00,12916.708333333334
2018-04-11 00:00:00+00:00,13223.541666666666
2018-04-12 00:00:00+00:00,13441.083333333334
2018-04-13 00:00:00+00:00,13129.375
2018-04-14 00:00:00+00:00,11489.583333333334
2018-04-15 00:00:00+00:00,10969.166666666666
2018-04-16 00:00:00+00:00,12695.833333333334
2018-04-17 00:00:00+00:00,12740.666666666666
2018-04-18 00:00:00+00:00,12778.125
2018-04-19 00:00:00+00:00,13048.291666666666
2018-04-20 00:00:00+00:00,12907.833333333334
2018-04-21 00:00:00+00:00,10958.458333333334
2018-04-22 00:00:00+00:00,10578.291666666666
2018-04-23 00:00:00+00:00,12631.0
2018-04-24 00:00:00+00:00,13067.25
2018-04-25 00:00:00+00:00,12957.833333333334
2018-04-26 00:00:00+00:00,12778.166666666666
2018-04-27 00:00:00+00:00,10955.166666666666
2018-04-28 00:00:00+00:00,11331.125
2018-04-29 00:00:00+00:00,11105.875
2018-04-30 00:00:00+00:00,13373.75
2018-05-01 00:00:00+00:00,12947.708333333334
2018-05-02 00:00:00+00:00,12571.25
2018-05-03 00:00:00+00:00,12591.291666666666
2018-05-04 00:00:00+00:00,12342.916666666666
2018-05-05 00:00:00+00:00,10788.625
2018-05-06 00:00:00+00:00,10242.041666666666
2018-05-07 00:00:00+00:00,12544.0
2018-05-08 00:00:00+00:00,12804.708333333334
2018-05-09 00:00:00+00:00,12704.208333333334
2018-05-10 00:00:00+00:00,10987.083333333334
2018-05-11 00:00:00+00:00,11552.583333333334
2018-05-12 00:00:00+00:00,10983.0
2018-05-13 00:00:00+00:00,10766.875
2018-05-14 00:00:00+00:00,12628.791666666666
2018-05-15 00:00:00+00:00,12724.0
2018-05-16 00:00:00+00:00,12914.25
2018-05-17 00:00:00+00:00,12531.083333333334
2018-05-18 00:00:00+00:00,12596.708333333334
2018-05-19 00:00:00+00:00,11399.166666666666
2018-05-20 00:00:00+00:00,9950.958333333334
2018-05-21 00:00:00+00:00,10551.083333333334
2018-05-22 00:00:00+00:00,12959.166666666666
2018-05-23 00:00:00+00:00,13129.916666666666
2018-05-24 00:00:00+00:00,13176.833333333334
2018-05-25 00:00:00+00:00,13146.291666666666
2018-05-26 00:00:00+00:00,11360.875
2018-05-27 00:00:00+00:00,10957.166666666666
2018-05-28 00:00:00+00:00,13199.0
2018-05-29 00:00:00+00:00,13685.25
2018-05-30 00:00:00+00:00,13380.666666666666
2018-05-31 00:00:00+00:00,13597.75
2018-06-01 00:00:00+00:00,13382.25
2018-06-02 00:00:00+00:00,11575.916666666666
2018-06-03 00:00:00+00:00,10557.833333333334
2018-06-04 00:00:00+00:00,12944.083333333334
2018-06-05 00:00:00+00:00,12839.791666666666
2018-06-06 00:00:00+00:00,12818.541666666666
2018-06-07 00:00:00+00:00,13274.0
2018-06-08 00:00:00+00:00,13404.125
2018-06-09 00:00:00+00:00,11263.75
2018-06-10 00:00:00+00:00,10599.0
2018-06-11 00:00:00+00:00,12603.125
2018-06-12 00:00:00+00:00,12959.5
2018-06-13 00:00:00+00:00,12727.5
2018-06-14 00:00:00+00:00,12991.75
2018-06-15 00:00:00+00:00,12651.375
2018-06-16 00:00:00+00:00,11052.083333333334
2018-06-17 00:00:00+00:00,10609.791666666666
2018-06-18 00:00:00+00:00,13027.333333333334
2018-06-19 00:00:00+00:00,13258.291666666666
2018-06-20 00:00:00+00:00,13050.25
2018-06-21 00:00:00+00:00,12753.541666666666
2018-06-22 00:00:00+00:00,12755.75
2018-06-23 00:00:00+00:00,11010.25
2018-06-24 00:00:00+00:00,10522.416666666666
2018-06-25 00:00:00+00:00,12590.5
2018-06-26 00:00:00+00:00,12539.458333333334
2018-06-27 00:00:00+00:00,12853.25
2018-06-28 00:00:00+00:00,13151.583333333334
2018-06-29 00:00:00+00:00,12908.875
2018-06-30 00:00:00+00:00,11295.958333333334
2018-07-01 00:00:00+00:00,10564.083333333334
2018-07-02 00:00:00+00:00,12892.166666666666
2018-07-03 00:00:00+00:00,13140.166666666666
2018-07-04 00:00:00+00:00,13271.958333333334
2018-07-05 00:00:00+00:00,13245.625
2018-07-06 00:00:00+00:00,13217.041666666666
2018-07-07 00:00:00+00:00,11286.25
2018-07-08 00:00:00+00:00,10593.75
2018-07-09 00:00:00+00:00,13259.791666666666
2018-07-10 00:00:00+00:00,13239.125
2018-07-11 00:00:00+00:00,13095.791666666666
2018-07-12 00:00:00+00:00,13062.458333333334
2018-07-13 00:00:00+00:00,12888.541666666666
2018-07-14 00:00:00+00:00,11125.583333333334
2018-07-15 00:00:00+00:00,10590.0
2018-07-16 00:00:00+00:00,13106.958333333334
2018-07-17 00:00:00+00:00,13198.166666666666
2018-07-18 00:00:00+00:00,13132.666666666666
2018-07-19 00:00:00+00:00,13136.125
2018-07-20 00:00:00+00:00,12774.791666666666
2018-07-21 00:00:00+00:00,11133.125
2018-07-22 00:00:00+00:00,10644.166666666666
2018-07-23 00:00:00+00:00,12983.083333333334
2018-07-24 00:00:00+00:00,13438.916666666666
2018-07-25 00:00:00+00:00,13664.375
2018-07-26 00:00:00+00:00,13814.541666666666
2018-07-27 00:00:00+00:00,13570.291666666666
2018-07-28 00:00:00+00:00,11673.666666666666
2018-07-29 00:00:00+00:00,10742.666666666666
2018-07-30 00:00:00+00:00,13010.875
2018-07-31 00:00:00+00:00,12926.333333333334
2018-08-01 00:00:00+00:00,12771.333333333334
2018-08-02 00:00:00+00:00,12988.625
2018-08-03 00:00:00+00:00,12882.875
2018-08-04 00:00:00+00:00,11478.541666666666
2018-08-05 00:00:00+00:00,10628.166666666666
2018-08-06 00:00:00+00:00,12728.666666666666
2018-08-07 00:00:00+00:00,13188.041666666666
2018-08-08 00:00:00+00:00,13111.041666666666
2018-08-09 00:00:00+00:00,12850.166666666666
2018-08-10 00:00:00+00:00,12212.333333333334
2018-08-11 00:00:00+00:00,10681.458333333334
2018-08-12 00:00:00+00:00,10470.333333333334
2018-08-13 00:00:00+00:00,12794.833333333334
2018-08-14 00:00:00+00:00,12662.833333333334
2018-08-15 00:00:00+00:00,12948.208333333334
2018-08-16 00:00:00+00:00,12872.333333333334
2018-08-17 00:00:00+00:00,12538.0
2018-08-18 00:00:00+00:00,11205.208333333334
2018-08-19 00:00:00+00:00,10789.833333333334
2018-08-20 00:00:00+00:00,13119.416666666666
2018-08-21 00:00:00+00:00,13199.583333333334
2018-08-22 00:00:00+00:00,13168.291666666666
2018-08-23 00:00:00+00:00,13419.333333333334
2018-08-24 00:00:00+00:00,12694.333333333334
2018-08-25 00:00:00+00:00,11206.25
2018-08-26 00:00:00+00:00,10491.0
2018-08-27 00:00:00+00:00,12993.166666666666
2018-08-28 00:00:00+00:00,13096.0
2018-08-29 00:00:00+00:00,13347.75
2018-08-30 00:00:00+00:00,12824.625
2018-08-31 00:00:00+00:00,12713.916666666666
2018-09-01 00:00:00+00:00,10940.791666666666
2018-09-02 00:00:00+00:00,10412.625
2018-09-03 00:00:00+00:00,13300.458333333334
2018-09-04 00:00:00+00:00,13607.166666666666
2018-09-05 00:00:00+00:00,13720.125
2018-09-06 00:00:00+00:00,13785.125
2018-09-07 00:00:00+00:00,12980.166666666666
2018-09-08 00:00:00+00:00,11503.833333333334
2018-09-09 00:00:00+00:00,10941.583333333334
2018-09-10 00:00:00+00:00,13366.916666666666
2018-09-11 00:00:00+00:00,13509.708333333334
2018-09-12 00:00:00+00:00,13663.75
2018-09-13 00:00:00+00:00,13001.791666666666
2018-09-14 00:00:00+00:00,13067.791666666666
2018-09-15 00:00:00+00:00,11461.875
2018-09-16 00:00:00+00:00,10876.791666666666
2018-09-17 00:00:00+00:00,13005.75
2018-09-18 00:00:00+00:00,13178.958333333334
2018-09-19 00:00:00+00:00,13388.333333333334
2018-09-20 00:00:00+00:00,13409.208333333334
2018-09-21 00:00:00+00:00,13187.333333333334
2018-09-22 00:00:00+00:00,11795.916666666666
2018-09-23 00:00:00+00:00,11643.083333333334
2018-09-24 00:00:00+00:00,13132.166666666666
2018-09-25 00:00:00+00:00,13104.791666666666
2018-09-26 00:00:00+00:00,13117.041666666666
2018-09-27 00:00:00+00:00,13008.541666666666
2018-09-28 00:00:00+00:00,13061.916666666666
2018-09-29 00:00:00+00:00,11211.875
2018-09-30 00:00:00+00:00,10747.458333333334
2018-10-01 00:00:00+00:00,13108.291666666666
2018-10-02 00:00:00+00:00,13613.0
2018-10-03 00:00:00+00:00,13235.25
2018-10-04 00:00:00+00:00,13596.0
2018-10-05 00:00:00+00:00,12992.916666666666
2018-10-06 00:00:00+00:00,11430.25
2018-10-07 00:00:00+00:00,10863.916666666666
2018-10-08 00:00:00+00:00,13207.916666666666
2018-10-09 00:00:00+00:00,13150.958333333334
2018-10-10 00:00:00+00:00,13254.666666666666
2018-10-11 00:00:00+00:00,13505.333333333334
2018-10-12 00:00:00+00:00,13365.125
2018-10-13 00:00:00+00:00,11676.708333333334
2018-10-14 00:00:00+00:00,11068.416666666666
2018-10-15 00:00:00+00:00,13363.208333333334
2018-10-16 00:00:00+00:00,13440.0
2018-10-17 00:00:00+00:00,13492.583333333334
2018-10-18 00:00:00+00:00,13610.166666666666
2018-10-19 00:00:00+00:00,13177.083333333334
2018-10-20 00:00:00+00:00,11666.958333333334
2018-10-21 00:00:00+00:00,11152.083333333334
2018-10-22 00:00:00+00:00,13273.166666666666
2018-10-23 00:00:00+00:00,13824.25
2018-10-24 00:00:00+00:00,13848.208333333334
2018-10-25 00:00:00+00:00,14038.666666666666
2018-10-26 00:00:00+00:00,13899.416666666666
2018-10-27 00:00:00+00:00,12058.791666666666
2018-10-28 00:00:00+00:00,11434.458333333334
2018-10-29 00:00:00+00:00,14216.25
2018-10-30 00:00:00+00:00,14592.875
2018-10-31 00:00:00+00:00,14048.958333333334
2018-11-01 00:00:00+00:00,14215.291666666666
2018-11-02 00:00:00+00:00,13921.708333333334
2018-11-03 00:00:00+00:00,12497.916666666666
2018-11-04 00:00:00+00:00,11785.5
2018-11-05 00:00:00+00:00,14103.208333333334
2018-11-06 00:00:00+00:00,14015.291666666666
2018-11-07 00:00:00+00:00,14273.708333333334
2018-11-08 00:00:00+00:00,14009.458333333334
2018-11-09 00:00:00+00:00,14067.333333333334
2018-11-10 00:00:00+00:00,12637.375
2018-11-11 00:00:00+00:00,11892.416666666666
2018-11-12 00:00:00+00:00,14280.916666666666
2018-11-13 00:00:00+00:00,14035.5
2018-11-14 00:00:00+00:00,14079.625
2018-11-15 00:00:00+00:00,14156.833333333334
2018-11-16 00:00:00+00:00,14429.125
2018-11-17 00:00:00+00:00,12614.0
2018-11-18 00:00:00+00:00,12054.083333333334
2018-11-19 00:00:00+00:00,14536.333333333334
2018-11-20 00:00:00+00:00,14954.416666666666
2018-11-21 00:00:00+00:00,14834.708333333334
2018-11-22 00:00:00+00:00,15025.416666666666
2018-11-23 00:00:00+00:00,14637.333333333334
2018-11-24 00:00:00+00:00,13362.833333333334
2018-11-25 00:00:00+00:00,12779.416666666666
2018-11-26 00:00:00+00:00,14900.958333333334
2018-11-27 00:00:00+00:00,15108.5
2018-11-28 00:00:00+00:00,15122.083333333334
2018-11-29 00:00:00+00:00,14833.0
2018-11-30 00:00:00+00:00,14492.125
2018-12-01 00:00:00+00:00,13014.458333333334
2018-12-02 00:00:00+00:00,12561.75
2018-12-03 00:00:00+00:00,14624.791666666666
2018-12-04 00:00:00+00:00,14803.875
2018-12-05 00:00:00+00:00,15198.75
2018-12-06 00:00:00+00:00,15110.25
2018-12-07 00:00:00+00:00,15095.166666666666
2018-12-08 00:00:00+00:00,13394.416666666666
2018-12-09 00:00:00+00:00,12760.583333333334
2018-12-10 00:00:00+00:00,15023.083333333334
2018-12-11 00:00:00+00:00,15099.458333333334
2018-12-12 00:00:00+00:00,15450.041666666666
2018-12-13 00:00:00+00:00,15401.75
2018-12-14 00:00:00+00:00,15418.166666666666
2018-12-15 00:00:00+00:00,13981.375
2018-12-16 00:00:00+00:00,13358.416666666666
2018-12-17 00:00:00+00:00,15243.875
2018-12-18 00:00:00+00:00,15178.041666666666
2018-12-19 00:00:00+00:00,15128.333333333334
2018-12-20 00:00:00+00:00,14980.916666666666
2018-12-21 00:00:00+00:00,14786.208333333334
2018-12-22 00:00:00+00:00,13229.791666666666
2018-12-23 00:00:00+00:00,12837.916666666666
2018-12-24 00:00:00+00:00,13336.875
2018-12-25 00:00:00+00:00,12064.416666666666
2018-12-26 00:00:00+00:00,12443.25
2018-12-27 00:00:00+00:00,13891.916666666666
2018-12-28 00:00:00+00:00,14056.375
2018-12-29 00:00:00+00:00,13064.666666666666
2018-12-30 00:00:00+00:00,12460.708333333334
2018-12-31 00:00:00+00:00,12909.25
2019-01-01 00:00:00+00:00,11999.666666666666
2019-01-02 00:00:00+00:00,14080.833333333334
2019-01-03 00:00:00+00:00,14379.625
2019-01-04 00:00:00+00:00,14566.375
2019-01-05 00:00:00+00:00,13311.458333333334
2019-01-06 00:00:00+00:00,12806.458333333334
2019-01-07 00:00:00+00:00,14743.291666666666
2019-01-08 00:00:00+00:00,14790.083333333334
2019-01-09 00:00:00+00:00,14822.333333333334
2019-01-10 00:00:00+00:00,15041.791666666666
2019-01-11 00:00:00+00:00,14831.375
2019-01-12 00:00:00+00:00,13432.625
2019-01-13 00:00:00+00:00,12847.375
2019-01-14 00:00:00+00:00,14656.416666666666
2019-01-15 00:00:00+00:00,14816.916666666666
2019-01-16 00:00:00+00:00,14851.333333333334
2019-01-17 00:00:00+00:00,15016.416666666666
2019-01-18 00:00:00+00:00,14876.666666666666
2019-01-19 00:00:00+00:00,13434.625
2019-01-20 00:00:00+00:00,12881.208333333334
2019-01-21 00:00:00+00:00,14981.75
2019-01-22 00:00:00+00:00,15443.583333333334
2019-01-23 00:00:00+00:00,15358.583333333334
2019-01-24 00:00:00+00:00,15439.458333333334
2019-01-25 00:00:00+00:00,15314.75
2019-01-26 00:00:00+00:00,13419.625
2019-01-27 00:00:00+00:00,12873.666666666666
2019-01-28 00:00:00+00:00,14839.125
2019-01-29 00:00:00+00:00,14912.458333333334
2019-01-30 00:00:00+00:00,15385.333333333334
2019-01-31 00:00:00+00:00,15384.958333333334
2019-02-01 00:00:00+00:00,15317.208333333334
2019-02-02 00:00:00+00:00,13769.666666666666
2019-02-03 00:00:00+00:00,12662.041666666666
2019-02-04 00:00:00+00:00,15233.041666666666
2019-02-05 00:00:00+00:00,15299.708333333334
2019-02-06 00:00:00+00:00,15418.416666666666
2019-02-07 00:00:00+00:00,14985.833333333334
2019-02-08 00:00:00+00:00,15162.208333333334
2019-02-09 00:00:00+00:00,13349.666666666666
2019-02-10 00:00:00+00:00,13108.041666666666
2019-02-11 00:00:00+00:00,14654.458333333334
2019-02-12 00:00:00+00:00,14690.958333333334
2019-02-13 00:00:00+00:00,14844.041666666666
2019-02-14 00:00:00+00:00,14250.75
2019-02-15 00:00:00+00:00,13989.625
2019-02-16 00:00:00+00:00,12558.916666666666
2019-02-17 00:00:00+00:00,11966.208333333334
2019-02-18 00:00:00+00:00,13846.25
2019-02-19 00:00:00+00:00,14332.458333333334
2019-02-20 00:00:00+00:00,14150.708333333334
2019-02-21 00:00:00+00:00,14525.916666666666
2019-02-22 00:00:00+00:00,14344.833333333334
2019-02-23 00:00:00+00:00,12335.833333333334
2019-02-24 00:00:00+00:00,11833.541666666666
2019-02-25 00:00:00+00:00,13628.458333333334
2019-02-26 00:00:00+00:00,13560.291666666666
2019-02-27 00:00:00+00:00,13559.291666666666
2019-02-28 00:00:00+00:00,14171.541666666666
2019-03-01 00:00:00+00:00,14411.375
2019-03-02 00:00:00+00:00,12682.0
2019-03-03 00:00:00+00:00,12666.791666666666
2019-03-04 00:00:00+00:00,14058.541666666666
2019-03-05 00:00:00+00:00,13893.416666666666
2019-03-06 00:00:00+00:00,14483.875
2019-03-07 00:00:00+00:00,14314.333333333334
2019-03-08 00:00:00+00:00,14018.708333333334
2019-03-09 00:00:00+00:00,12918.708333333334
2019-03-10 00:00:00+00:00,12701.041666666666
2019-03-11 00:00:00+00:00,14397.75
2019-03-12 00:00:00+00:00,14709.291666666666
2019-03-13 00:00:00+00:00,14845.75
2019-03-14 00:00:00+00:00,14742.416666666666
2019-03-15 00:00:00+00:00,14432.666666666666
2019-03-16 00:00:00+00:00,13176.916666666666
2019-03-17 00:00:00+00:00,12085.458333333334
2019-03-18 00:00:00+00:00,13766.791666666666
2019-03-19 00:00:00+00:00,13702.416666666666
2019-03-20 00:00:00+00:00,14120.25
2019-03-21 00:00:00+00:00,13961.708333333334
2019-03-22 00:00:00+00:00,13387.5
2019-03-23 00:00:00+00:00,12459.916666666666
2019-03-24 00:00:00+00:00,11458.375
2019-03-25 00:00:00+00:00,13716.208333333334
2019-03-26 00:00:00+00:00,13769.5
2019-03-27 00:00:00+00:00,13554.0
2019-03-28 00:00:00+00:00,13829.416666666666
2019-03-29 00:00:00+00:00,12933.583333333334
2019-03-30 00:00:00+00:00,11477.416666666666
2019-03-31 00:00:00+00:00,11200.791666666666
2019-04-01 00:00:00+00:00,12838.875
2019-04-02 00:00:00+00:00,13446.958333333334
2019-04-03 00:00:00+00:00,13603.541666666666
2019-04-04 00:00:00+00:00,13799.041666666666
2019-04-05 00:00:00+00:00,13262.333333333334
2019-04-06 00:00:00+00:00,11888.583333333334
2019-04-07 00:00:00+00:00,10861.208333333334
2019-04-08 00:00:00+00:00,12735.875
2019-04-09 00:00:00+00:00,12838.5
2019-04-10 00:00:00+00:00,12754.375
2019-04-11 00:00:00+00:00,12857.041666666666
2019-04-12 00:00:00+00:00,13130.25
2019-04-13 00:00:00+00:00,11741.583333333334
2019-04-14 00:00:00+00:00,11045.833333333334
2019-04-15 00:00:00+00:00,12716.75
2019-04-16 00:00:00+00:00,12842.25
2019-04-17 00:00:00+00:00,13234.333333333334
2019-04-18 00:00:00+00:00,12819.458333333334
2019-04-19 00:00:00+00:00,12432.958333333334
2019-04-20 00:00:00+00:00,11142.958333333334
2019-04-21 00:00:00+00:00,10378.291666666666
2019-04-22 00:00:00+00:00,10868.333333333334
2019-04-23 00:00:00+00:00,12708.666666666666
2019-04-24 00:00:00+00:00,13059.166666666666
2019-04-25 00:00:00+00:00,13141.0
2019-04-26 00:00:00+00:00,12827.708333333334
2019-04-27 00:00:00+00:00,11493.083333333334
2019-04-28 00:00:00+00:00,11325.708333333334
2019-04-29 00:00:00+00:00,12709.041666666666
2019-04-30 00:00:00+00:00,13135.208333333334
2019-05-01 00:00:00+00:00,13155.291666666666
2019-05-02 00:00:00+00:00,13261.375
2019-05-03 00:00:00+00:00,13023.166666666666
2019-05-04 00:00:00+00:00,11577.791666666666
2019-05-05 00:00:00+00:00,11169.5
2019-05-06 00:00:00+00:00,13261.791666666666
2019-05-07 00:00:00+00:00,13051.125
2019-05-08 00:00:00+00:00,13440.041666666666
2019-05-09 00:00:00+00:00,12880.25
2019-05-10 00:00:00+00:00,12833.333333333334
2019-05-11 00:00:00+00:00,11089.041666666666
2019-05-12 00:00:00+00:00,10692.583333333334
2019-05-13 00:00:00+00:00,12230.583333333334
2019-05-14 00:00:00+00:00,12320.833333333334
2019-05-15 00:00:00+00:00,12231.291666666666
2019-05-16 00:00:00+00:00,12487.708333333334
2019-05-17 00:00:00+00:00,12833.5
2019-05-18 00:00:00+00:00,10919.375
2019-05-19 00:00:00+00:00,10622.958333333334
2019-05-20 00:00:00+00:00,12782.791666666666
2019-05-21 00:00:00+00:00,13038.458333333334
2019-05-22 00:00:00+00:00,12370.875
2019-05-23 00:00:00+00:00,12277.625
2019-05-24 00:00:00+00:00,12174.333333333334
2019-05-25 00:00:00+00:00,11006.458333333334
2019-05-26 00:00:00+00:00,10790.125
2019-05-27 00:00:00+00:00,12285.208333333334
2019-05-28 00:00:00+00:00,12383.25
2019-05-29 00:00:00+00:00,11991.25
2019-05-30 00:00:00+00:00,11111.208333333334
2019-05-31 00:00:00+00:00,11542.5
2019-06-01 00:00:00+00:00,10714.333333333334
2019-06-02 00:00:00+00:00,10493.791666666666
2019-06-03 00:00:00+00:00,12563.416666666666
2019-06-04 00:00:00+00:00,12646.25
2019-06-05 00:00:00+00:00,12929.208333333334
2019-06-06 00:00:00+00:00,12582.791666666666
2019-06-07 00:00:00+00:00,12499.25
2019-06-08 00:00:00+00:00,11306.083333333334
2019-06-09 00:00:00+00:00,10020.708333333334
2019-06-10 00:00:00+00:00,10735.291666666666
2019-06-11 00:00:00+00:00,12395.791666666666
2019-06-12 00:00:00+00:00,13039.083333333334
2019-06-13 00:00:00+00:00,12579.375
2019-06-14 00:00:00+00:00,12391.958333333334
2019-06-15 00:00:00+00:00,11311.916666666666
2019-06-16 00:00:00+00:00,10413.75
2019-06-17 00:00:00+00:00,12285.5
2019-06-18 00:00:00+00:00,12516.166666666666
2019-06-19 00:00:00+00:00,13039.791666666666
2019-06-20 00:00:00+00:00,12715.5
2019-06-21 00:00:00+00:00,12250.125
2019-06-22 00:00:00+00:00,10791.125
2019-06-23 00:00:00+00:00,10698.333333333334
2019-06-24 00:00:00+00:00,13071.208333333334
2019-06-25 00:00:00+00:00,13610.0
2019-06-26 00:00:00+00:00,13304.125
2019-06-27 00:00:00+00:00,12582.125
2019-06-28 00:00:00+00:00,12390.208333333334
2019-06-29 00:00:00+00:00,11271.416666666666
2019-06-30 00:00:00+00:00,11017.333333333334
2019-07-01 00:00:00+00:00,12730.583333333334
2019-07-02 00:00:00+00:00,12572.333333333334
2019-07-03 00:00:00+00:00,12633.375
2019-07-04 00:00:00+00:00,12592.708333333334
2019-07-05 00:00:00+00:00,12691.083333333334
2019-07-06 00:00:00+00:00,11511.791666666666
2019-07-07 00:00:00+00:00,10688.375
2019-07-08 00:00:00+00:00,12618.375
2019-07-09 00:00:00+00:00,12331.916666666666
2019-07-10 00:00:00+00:00,13007.75
2019-07-11 00:00:00+00:00,13022.208333333334
2019-07-12 00:00:00+00:00,13040.083333333334
2019-07-13 00:00:00+00:00,11397.5
2019-07-14 00:00:00+00:00,10762.416666666666
2019-07-15 00:00:00+00:00,12607.708333333334
2019-07-16 00:00:00+00:00,12774.875
2019-07-17 00:00:00+00:00,12567.583333333334
2019-07-18 00:00:00+00:00,12856.583333333334
2019-07-19 00:00:00+00:00,12596.208333333334
2019-07-20 00:00:00+00:00,11549.125
2019-07-21 00:00:00+00:00,10531.833333333334
2019-07-22 00:00:00+00:00,12478.458333333334
2019-07-23 00:00:00+00:00,12943.208333333334
2019-07-24 00:00:00+00:00,13326.375
2019-07-25 00:00:00+00:00,13583.666666666666
2019-07-26 00:00:00+00:00,13380.125
2019-07-27 00:00:00+00:00,11746.916666666666
2019-07-28 00:00:00+00:00,11065.416666666666
2019-07-29 00:00:00+00:00,11506.458333333334
2019-07-30 00:00:00+00:00,12475.0
2019-07-31 00:00:00+00:00,12587.166666666666
2019-08-01 00:00:00+00:00,12471.333333333334
2019-08-02 00:00:00+00:00,12461.875
2019-08-03 00:00:00+00:00,11172.125
2019-08-04 00:00:00+00:00,10549.125
2019-08-05 00:00:00+00:00,12293.5
2019-08-06 00:00:00+00:00,12328.125
2019-08-07 00:00:00+00:00,12230.791666666666
2019-08-08 00:00:00+00:00,12211.875
2019-08-09 00:00:00+00:00,12873.083333333334
2019-08-10 00:00:00+00:00,11305.583333333334
2019-08-11 00:00:00+00:00,10710.708333333334
2019-08-12 00:00:00+00:00,12305.083333333334
2019-08-13 00:00:00+00:00,12332.0
2019-08-14 00:00:00+00:00,12230.625
2019-08-15 00:00:00+00:00,12697.291666666666
2019-08-16 00:00:00+00:00,12302.791666666666
2019-08-17 00:00:00+00:00,11597.541666666666
2019-08-18 00:00:00+00:00,10982.125
2019-08-19 00:00:00+00:00,12353.25
2019-08-20 00:00:00+00:00,12474.125
2019-08-21 00:00:00+00:00,12392.833333333334
2019-08-22 00:00:00+00:00,12511.541666666666
2019-08-23 00:00:00+00:00,12493.958333333334
2019-08-24 00:00:00+00:00,11160.333333333334
2019-08-25 00:00:00+00:00,10920.791666666666
2019-08-26 00:00:00+00:00,13317.625
2019-08-27 00:00:00+00:00,13710.958333333334
2019-08-28 00:00:00+00:00,13693.458333333334
2019-08-29 00:00:00+00:00,13328.916666666666
2019-08-30 00:00:00+00:00,12662.041666666666
2019-08-31 00:00:00+00:00,11337.416666666666
2019-09-01 00:00:00+00:00,10857.583333333334
2019-09-02 00:00:00+00:00,12387.958333333334
2019-09-03 00:00:00+00:00,13072.791666666666
2019-09-04 00:00:00+00:00,13163.708333333334
2019-09-05 00:00:00+00:00,12836.625
2019-09-06 00:00:00+00:00,12744.5
2019-09-07 00:00:00+00:00,11376.583333333334
2019-09-08 00:00:00+00:00,10829.5
2019-09-09 00:00:00+00:00,12436.333333333334
2019-09-10 00:00:00+00:00,12576.958333333334
2019-09-11 00:00:00+00:00,13392.958333333334
2019-09-12 00:00:00+00:00,12950.125
2019-09-13 00:00:00+00:00,12852.0
2019-09-14 00:00:00+00:00,10980.0
2019-09-15 00:00:00+00:00,10791.125
2019-09-16 00:00:00+00:00,13214.583333333334
2019-09-17 00:00:00+00:00,12913.5
2019-09-18 00:00:00+00:00,12840.833333333334
2019-09-19 00:00:00+00:00,12852.958333333334
2019-09-20 00:00:00+00:00,12674.666666666666
2019-09-21 00:00:00+00:00,11173.333333333334
2019-09-22 00:00:00+00:00,10991.416666666666
2019-09-23 00:00:00+00:00,13182.458333333334
2019-09-24 00:00:00+00:00,13465.708333333334
2019-09-25 00:00:00+00:00,13330.708333333334
2019-09-26 00:00:00+00:00,13674.666666666666
2019-09-27 00:00:00+00:00,13121.375
2019-09-28 00:00:00+00:00,11788.0
2019-09-29 00:00:00+00:00,11813.375
2019-09-30 00:00:00+00:00,12994.625
2019-10-01 00:00:00+00:00,13598.166666666666
2019-10-02 00:00:00+00:00,13257.0
2019-10-03 00:00:00+00:00,13282.25
2019-10-04 00:00:00+00:00,13733.625
2019-10-05 00:00:00+00:00,11732.375
2019-10-06 00:00:00+00:00,11978.875
2019-10-07 00:00:00+00:00,13546.291666666666
2019-10-08 00:00:00+00:00,13729.375
2019-10-09 00:00:00+00:00,13868.208333333334
2019-10-10 00:00:00+00:00,13540.208333333334
2019-10-11 00:00:00+00:00,14005.958333333334
2019-10-12 00:00:00+00:00,12281.208333333334
2019-10-13 00:00:00+00:00,11693.833333333334
2019-10-14 00:00:00+00:00,13511.083333333334
2019-10-15 00:00:00+00:00,13696.916666666666
2019-10-16 00:00:00+00:00,13649.458333333334
2019-10-17 00:00:00+00:00,13514.666666666666
2019-10-18 00:00:00+00:00,13523.0
2019-10-19 00:00:00+00:00,12111.041666666666
2019-10-20 00:00:00+00:00,11795.958333333334
2019-10-21 00:00:00+00:00,13699.041666666666
2019-10-22 00:00:00+00:00,13700.208333333334
2019-10-23 00:00:00+00:00,13591.5
2019-10-24 00:00:00+00:00,13467.583333333334
2019-10-25 00:00:00+00:00,13328.125
2019-10-26 00:00:00+00:00,11986.958333333334
2019-10-27 00:00:00+00:00,11663.416666666666
2019-10-28 00:00:00+00:00,13604.25
2019-10-29 00:00:00+00:00,13571.541666666666
2019-10-30 00:00:00+00:00,13772.291666666666
2019-10-31 00:00:00+00:00,13793.25
2019-11-01 00:00:00+00:00,14327.25
2019-11-02 00:00:00+00:00,12473.791666666666
2019-11-03 00:00:00+00:00,12081.208333333334
2019-11-04 00:00:00+00:00,13974.291666666666
2019-11-05 00:00:00+00:00,14242.333333333334
2019-11-06 00:00:00+00:00,14069.458333333334
2019-11-07 00:00:00+00:00,14416.791666666666
2019-11-08 00:00:00+00:00,13808.958333333334
2019-11-09 00:00:00+00:00,12729.541666666666
2019-11-10 00:00:00+00:00,12032.0
2019-11-11 00:00:00+00:00,14423.875
2019-11-12 00:00:00+00:00,14527.458333333334
2019-11-13 00:00:00+00:00,14429.916666666666
2019-11-14 00:00:00+00:00,14405.125
2019-11-15 00:00:00+00:00,14564.0
2019-11-16 00:00:00+00:00,12944.041666666666
2019-11-17 00:00:00+00:00,12293.291666666666
2019-11-18 00:00:00+00:00,14675.375
2019-11-19 00:00:00+00:00,14416.333333333334
2019-11-20 00:00:00+00:00,14566.291666666666
2019-11-21 00:00:00+00:00,14839.0
2019-11-22 00:00:00+00:00,14262.083333333334
2019-11-23 00:00:00+00:00,12960.625
2019-11-24 00:00:00+00:00,12413.5
2019-11-25 00:00:00+00:00,14281.25
2019-11-26 00:00:00+00:00,14611.416666666666
2019-11-27 00:00:00+00:00,14550.875
2019-11-28 00:00:00+00:00,14696.666666666666
2019-11-29 00:00:00+00:00,14438.041666666666
2019-11-30 00:00:00+00:00,13004.916666666666
2019-12-01 00:00:00+00:00,12746.708333333334
2019-12-02 00:00:00+00:00,14564.291666666666
2019-12-03 00:00:00+00:00,14678.208333333334
2019-12-04 00:00:00+00:00,14900.333333333334
2019-12-05 00:00:00+00:00,15064.208333333334
2019-12-06 00:00:00+00:00,14935.666666666666
2019-12-07 00:00:00+00:00,13178.25
2019-12-08 00:00:00+00:00,12599.666666666666
2019-12-09 00:00:00+00:00,14656.791666666666
2019-12-10 00:00:00+00:00,14701.875
2019-12-11 00:00:00+00:00,14821.583333333334
2019-12-12 00:00:00+00:00,14681.416666666666
2019-12-13 00:00:00+00:00,14938.166666666666
2019-12-14 00:00:00+00:00,10593.0
2019-12-15 00:00:00+00:00,12680.166666666666
2019-12-16 00:00:00+00:00,14738.25
2019-12-17 00:00:00+00:00,14379.5
2019-12-18 00:00:00+00:00,14488.416666666666
2019-12-19 00:00:00+00:00,14236.791666666666
2019-12-20 00:00:00+00:00,14175.5
2019-12-21 00:00:00+00:00,13007.708333333334
2019-12-22 00:00:00+00:00,12674.041666666666
2019-12-23 00:00:00+00:00,13692.958333333334
2019-12-24 00:00:00+00:00,13454.458333333334
2019-12-25 00:00:00+00:00,11964.375
2019-12-26 00:00:00+00:00,12281.625
2019-12-27 00:00:00+00:00,13221.916666666666
2019-12-28 00:00:00+00:00,12964.208333333334
2019-12-29 00:00:00+00:00,12607.125
2019-12-30 00:00:00+00:00,13258.166666666666
2019-12-31 00:00:00+00:00,12897.08695652174
